Workbook
Name Print_Titles: 'lamp. sk'!A:H,'lamp. sk'!$A$11:$IV$11
Name Print_Titles: 'rekap hitungan'!B:K,'rekap hitungan'!$A$21:$IV$21
Name Print_Titles: perbandingan!B:F,perbandingan!$A$13:$IV$13
Name Print_Area: perbandingan!$B$1:$F$122
Name Print_Area: 'lamp. sk'!$A$1:$H$126
Name Print_Area: 'hitung kewenangan kegiatan'!$B$1:$P$130
Name Print_Area: 'rekap hitungan'!$B$1:$K$130
Name Print_Titles: 'hitung kewenangan kegiatan'!$A$3:$IV$5
Name Print_Area: 'hitung siltap'!$B$1:$X$124
Name Print_Area: 'checklist add & premi 26'!$B$2:$E$18
Name Print_Area: 'hitung premi dpa pmk'!$B$1:$H$19

Sheet hitung siltap
B2: SIMULASI PERHITUNGAN ADD SILTAP LURAH DAN PAMONG KALURAHAN
B3: Lampiran I
B4: Nomor Surat:
B5: Tanggal:
B7: SIMULASI PERHITUNGAN ADD SILTAP LURAH DAN PAMONG KALURAHAN TAHUN 2026
B9: Asumsi:
B10: 1. | C10: Siltap naik untuk tiap-tiap Lurah & Pamong
C11: Lurah | D11: 3625000 | E11: + | F11: 650000 | G11: = | H11: =D11+F11 -> 4275000
C12: Carik | D12: 2675000 | E12: + | F12: 625000 | G12: = | H12: =D12+F12 -> 3300000
C13: Kasi/Kaur | D13: 2375000 | E13: + | F13: 625000 | G13: = | H13: =D13+F13 -> 3000000
C14: Dukuh | D14: 2275000 | E14: + | F14: 625000 | G14: = | H14: =D14+F14 -> 2900000
B16: 2. | C16: Asumsi UMK 2026 | D16: 2624400
B18: NO | C18: KAPANEWON/KALURAHAN | D18: SILTAP PER BULAN | H18: JUMLAH DUKUH | I18: SILTAP PER TAHUN | N18: BPJS KES STAF | Q18: BPJS NAKER LURAH & PAMONG KALURAHAN | V18: BPJS NAKER STAF | W18: BPJS NAKER TOTAL | X18: ADD KEBIJAKAN (THR & BANTUAN PENDIDIKAN/GAJI KE-13)
D19: LURAH | E19: CARIK | F19: KASI/KAUR | G19: DUKUH | I19: LURAH | J19: CARIK | K19: KASI/KAUR | L19: DUKUH | M19: JUMLAH | N19: 1 org/bln | O19: 8 org/bln | P19: 8 org/12 bln | Q19: LURAH | R19: CARIK | S19: KASI/KAUR | T19: DUKUH | U19: JUMLAH
B20: 1 | C20: 2 | D20: 3 | E20: 4 | F20: 5 | G20: 6 | H20: 7 | I20: 8=3x12 bln | J20: 9=4x12 bln | K20: 10=5x12 bln | L20: 11=6x12 bln | M20: 12=8+9+10+11 | N20: 13=UMKx4% | O20: 14=13x8 org | P20: 15=14x12 bln | Q20: 16=3x6,24%x12 bln | R20: 17=4x6,24%x12 bln | S20: 18=5x6,24%x12 bln | T20: 19=6x6,24%x12 bln | U20: 20=16+17+18+19 | V20: 21=UMKx6,24%x8 orgx12 bln | W20: 22=20+21 | X20: 23=(3x2 bln)+(4x2 bln)+(5x2 bln)+(6x2 bln)
B21: I. | C21: GAMPING
B22: 1 | C22: Balecatur | D22: =$H$11 -> 4275000 | E22: =$H$12 -> 3300000 | F22: =$H$13 -> 3000000 | G22: =$H$14 -> 2900000 | H22: 18 | I22: =D22*12 -> 51300000 | J22: =E22*12 -> 39600000 | K22: =F22*6*12 -> 216000000 | L22: =G22*H22*12 -> 626400000 | M22: =SUM(I22:L22) -> 933300000 | N22: =$E$135*$E$137 -> 104976 | O22: =N22*8 -> 839808 | P22: =O22*12 -> 10077696 | Q22: =SUM(D22*$E$143)*12 -> 3201120 | R22: =SUM(E22*$E$143)*12 -> 2471040 | S22: =SUM(F22*$E$143*6)*12 -> 13478400 | T22: =SUM(G22*$E$143*H22)*12 -> 39087360 | U22: =SUM(Q22:T22) -> 58237920 | V22: =SUM($E$135*$E$143*8)*12 -> 15721206 | W22: =SUM(U22+V22) -> 73959126 | X22: =SUM(D22*2)+(E22*2)+(F22*6*2)+(G22*H22*2) -> 155550000
B23: 2 | C23: Ambarketawang | D23: =$H$11 -> 4275000 | E23: =$H$12 -> 3300000 | F23: =$H$13 -> 3000000 | G23: =$H$14 -> 2900000 | H23: 13 | I23: =D23*12 -> 51300000 | J23: =E23*12 -> 39600000 | K23: =F23*6*12 -> 216000000 | L23: =G23*H23*12 -> 452400000 | M23: =SUM(I23:L23) -> 759300000 | N23: =$E$135*$E$137 -> 104976 | O23: =N23*8 -> 839808 | P23: =O23*12 -> 10077696 | Q23: =SUM(D23*$E$143)*12 -> 3201120 | R23: =SUM(E23*$E$143)*12 -> 2471040 | S23: =SUM(F23*$E$143*6)*12 -> 13478400 | T23: =SUM(G23*$E$143*H23)*12 -> 28229760 | U23: =SUM(Q23:T23) -> 47380320 | V23: =SUM($E$135*$E$143*8)*12 -> 15721206 | W23: =SUM(U23+V23) -> 63101526 | X23: =SUM(D23*2)+(E23*2)+(F23*6*2)+(G23*H23*2) -> 126550000
B24: 3 | C24: Banyuraden | D24: =$H$11 -> 4275000 | E24: =$H$12 -> 3300000 | F24: =$H$13 -> 3000000 | G24: =$H$14 -> 2900000 | H24: 8 | I24: =D24*12 -> 51300000 | J24: =E24*12 -> 39600000 | K24: =F24*6*12 -> 216000000 | L24: =G24*H24*12 -> 278400000 | M24: =SUM(I24:L24) -> 585300000 | N24: =$E$135*$E$137 -> 104976 | O24: =N24*8 -> 839808 | P24: =O24*12 -> 10077696 | Q24: =SUM(D24*$E$143)*12 -> 3201120 | R24: =SUM(E24*$E$143)*12 -> 2471040 | S24: =SUM(F24*$E$143*6)*12 -> 13478400 | T24: =SUM(G24*$E$143*H24)*12 -> 17372160 | U24: =SUM(Q24:T24) -> 36522720 | V24: =SUM($E$135*$E$143*8)*12 -> 15721206 | W24: =SUM(U24+V24) -> 52243926 | X24: =SUM(D24*2)+(E24*2)+(F24*6*2)+(G24*H24*2) -> 97550000
B25: 4 | C25: Nogotirto | D25: =$H$11 -> 4275000 | E25: =$H$12 -> 3300000 | F25: =$H$13 -> 3000000 | G25: =$H$14 -> 2900000 | H25: 8 | I25: =D25*12 -> 51300000 | J25: =E25*12 -> 39600000 | K25: =F25*6*12 -> 216000000 | L25: =G25*H25*12 -> 278400000 | M25: =SUM(I25:L25) -> 585300000 | N25: =$E$135*$E$137 -> 104976 | O25: =N25*8 -> 839808 | P25: =O25*12 -> 10077696 | Q25: =SUM(D25*$E$143)*12 -> 3201120 | R25: =SUM(E25*$E$143)*12 -> 2471040 | S25: =SUM(F25*$E$143*6)*12 -> 13478400 | T25: =SUM(G25*$E$143*H25)*12 -> 17372160 | U25: =SUM(Q25:T25) -> 36522720 | V25: =SUM($E$135*$E$143*8)*12 -> 15721206 | W25: =SUM(U25+V25) -> 52243926 | X25: =SUM(D25*2)+(E25*2)+(F25*6*2)+(G25*H25*2) -> 97550000
B26: 5 | C26: Trihanggo | D26: =$H$11 -> 4275000 | E26: =$H$12 -> 3300000 | F26: =$H$13 -> 3000000 | G26: =$H$14 -> 2900000 | H26: 12 | I26: =D26*12 -> 51300000 | J26: =E26*12 -> 39600000 | K26: =F26*6*12 -> 216000000 | L26: =G26*H26*12 -> 417600000 | M26: =SUM(I26:L26) -> 724500000 | N26: =$E$135*$E$137 -> 104976 | O26: =N26*8 -> 839808 | P26: =O26*12 -> 10077696 | Q26: =SUM(D26*$E$143)*12 -> 3201120 | R26: =SUM(E26*$E$143)*12 -> 2471040 | S26: =SUM(F26*$E$143*6)*12 -> 13478400 | T26: =SUM(G26*$E$143*H26)*12 -> 26058240 | U26: =SUM(Q26:T26) -> 45208800 | V26: =SUM($E$135*$E$143*8)*12 -> 15721206 | W26: =SUM(U26+V26) -> 60930006 | X26: =SUM(D26*2)+(E26*2)+(F26*6*2)+(G26*H26*2) -> 120750000
B27: II. | C27: GODEAN
B28: 6 | C28: Sidorejo | D28: =$H$11 -> 4275000 | E28: =$H$12 -> 3300000 | F28: =$H$13 -> 3000000 | G28: =$H$14 -> 2900000 | H28: 13 | I28: =D28*12 -> 51300000 | J28: =E28*12 -> 39600000 | K28: =F28*6*12 -> 216000000 | L28: =G28*H28*12 -> 452400000 | M28: =SUM(I28:L28) -> 759300000 | N28: =$E$135*$E$137 -> 104976 | O28: =N28*8 -> 839808 | P28: =O28*12 -> 10077696 | Q28: =SUM(D28*$E$143)*12 -> 3201120 | R28: =SUM(E28*$E$143)*12 -> 2471040 | S28: =SUM(F28*$E$143*6)*12 -> 13478400 | T28: =SUM(G28*$E$143*H28)*12 -> 28229760 | U28: =SUM(Q28:T28) -> 47380320 | V28: =SUM($E$135*$E$143*8)*12 -> 15721206 | W28: =SUM(U28+V28) -> 63101526 | X28: =SUM(D28*2)+(E28*2)+(F28*6*2)+(G28*H28*2) -> 126550000
B29: 7 | C29: Sidoluhur | D29: =$H$11 -> 4275000 | E29: =$H$12 -> 3300000 | F29: =$H$13 -> 3000000 | G29: =$H$14 -> 2900000 | H29: 15 | I29: =D29*12 -> 51300000 | J29: =E29*12 -> 39600000 | K29: =F29*6*12 -> 216000000 | L29: =G29*H29*12 -> 522000000 | M29: =SUM(I29:L29) -> 828900000 | N29: =$E$135*$E$137 -> 104976 | O29: =N29*8 -> 839808 | P29: =O29*12 -> 10077696 | Q29: =SUM(D29*$E$143)*12 -> 3201120 | R29: =SUM(E29*$E$143)*12 -> 2471040 | S29: =SUM(F29*$E$143*6)*12 -> 13478400 | T29: =SUM(G29*$E$143*H29)*12 -> 32572800 | U29: =SUM(Q29:T29) -> 51723360 | V29: =SUM($E$135*$E$143*8)*12 -> 15721206 | W29: =SUM(U29+V29) -> 67444566 | X29: =SUM(D29*2)+(E29*2)+(F29*6*2)+(G29*H29*2) -> 138150000
B30: 8 | C30: Sidomulyo | D30: =$H$11 -> 4275000 | E30: =$H$12 -> 3300000 | F30: =$H$13 -> 3000000 | G30: =$H$14 -> 2900000 | H30: 8 | I30: =D30*12 -> 51300000 | J30: =E30*12 -> 39600000 | K30: =F30*6*12 -> 216000000 | L30: =G30*H30*12 -> 278400000 | M30: =SUM(I30:L30) -> 585300000 | N30: =$E$135*$E$137 -> 104976 | O30: =N30*8 -> 839808 | P30: =O30*12 -> 10077696 | Q30: =SUM(D30*$E$143)*12 -> 3201120 | R30: =SUM(E30*$E$143)*12 -> 2471040 | S30: =SUM(F30*$E$143*6)*12 -> 13478400 | T30: =SUM(G30*$E$143*H30)*12 -> 17372160 | U30: =SUM(Q30:T30) -> 36522720 | V30: =SUM($E$135*$E$143*8)*12 -> 15721206 | W30: =SUM(U30+V30) -> 52243926 | X30: =SUM(D30*2)+(E30*2)+(F30*6*2)+(G30*H30*2) -> 97550000
B31: 9 | C31: Sidoagung | D31: =$H$11 -> 4275000 | E31: =$H$12 -> 3300000 | F31: =$H$13 -> 3000000 | G31: =$H$14 -> 2900000 | H31: 8 | I31: =D31*12 -> 51300000 | J31: =E31*12 -> 39600000 | K31: =F31*6*12 -> 216000000 | L31: =G31*H31*12 -> 278400000 | M31: =SUM(I31:L31) -> 585300000 | N31: =$E$135*$E$137 -> 104976 | O31: =N31*8 -> 839808 | P31: =O31*12 -> 10077696 | Q31: =SUM(D31*$E$143)*12 -> 3201120 | R31: =SUM(E31*$E$143)*12 -> 2471040 | S31: =SUM(F31*$E$143*6)*12 -> 13478400 | T31: =SUM(G31*$E$143*H31)*12 -> 17372160 | U31: =SUM(Q31:T31) -> 36522720 | V31: =SUM($E$135*$E$143*8)*12 -> 15721206 | W31: =SUM(U31+V31) -> 52243926 | X31: =SUM(D31*2)+(E31*2)+(F31*6*2)+(G31*H31*2) -> 97550000
B32: 10 | C32: Sidokarto | D32: =$H$11 -> 4275000 | E32: =$H$12 -> 3300000 | F32: =$H$13 -> 3000000 | G32: =$H$14 -> 2900000 | H32: 14 | I32: =D32*12 -> 51300000 | J32: =E32*12 -> 39600000 | K32: =F32*6*12 -> 216000000 | L32: =G32*H32*12 -> 487200000 | M32: =SUM(I32:L32) -> 794100000 | N32: =$E$135*$E$137 -> 104976 | O32: =N32*8 -> 839808 | P32: =O32*12 -> 10077696 | Q32: =SUM(D32*$E$143)*12 -> 3201120 | R32: =SUM(E32*$E$143)*12 -> 2471040 | S32: =SUM(F32*$E$143*6)*12 -> 13478400 | T32: =SUM(G32*$E$143*H32)*12 -> 30401280 | U32: =SUM(Q32:T32) -> 49551840 | V32: =SUM($E$135*$E$143*8)*12 -> 15721206 | W32: =SUM(U32+V32) -> 65273046 | X32: =SUM(D32*2)+(E32*2)+(F32*6*2)+(G32*H32*2) -> 132350000
B33: 11 | C33: Sidoarum | D33: =$H$11 -> 4275000 | E33: =$H$12 -> 3300000 | F33: =$H$13 -> 3000000 | G33: =$H$14 -> 2900000 | H33: 8 | I33: =D33*12 -> 51300000 | J33: =E33*12 -> 39600000 | K33: =F33*6*12 -> 216000000 | L33: =G33*H33*12 -> 278400000 | M33: =SUM(I33:L33) -> 585300000 | N33: =$E$135*$E$137 -> 104976 | O33: =N33*8 -> 839808 | P33: =O33*12 -> 10077696 | Q33: =SUM(D33*$E$143)*12 -> 3201120 | R33: =SUM(E33*$E$143)*12 -> 2471040 | S33: =SUM(F33*$E$143*6)*12 -> 13478400 | T33: =SUM(G33*$E$143*H33)*12 -> 17372160 | U33: =SUM(Q33:T33) -> 36522720 | V33: =SUM($E$135*$E$143*8)*12 -> 15721206 | W33: =SUM(U33+V33) -> 52243926 | X33: =SUM(D33*2)+(E33*2)+(F33*6*2)+(G33*H33*2) -> 97550000
B34: 12 | C34: Sidomoyo | D34: =$H$11 -> 4275000 | E34: =$H$12 -> 3300000 | F34: =$H$13 -> 3000000 | G34: =$H$14 -> 2900000 | H34: 11 | I34: =D34*12 -> 51300000 | J34: =E34*12 -> 39600000 | K34: =F34*6*12 -> 216000000 | L34: =G34*H34*12 -> 382800000 | M34: =SUM(I34:L34) -> 689700000 | N34: =$E$135*$E$137 -> 104976 | O34: =N34*8 -> 839808 | P34: =O34*12 -> 10077696 | Q34: =SUM(D34*$E$143)*12 -> 3201120 | R34: =SUM(E34*$E$143)*12 -> 2471040 | S34: =SUM(F34*$E$143*6)*12 -> 13478400 | T34: =SUM(G34*$E$143*H34)*12 -> 23886720 | U34: =SUM(Q34:T34) -> 43037280 | V34: =SUM($E$135*$E$143*8)*12 -> 15721206 | W34: =SUM(U34+V34) -> 58758486 | X34: =SUM(D34*2)+(E34*2)+(F34*6*2)+(G34*H34*2) -> 114950000
B35: III. | C35: MOYUDAN
B36: 13 | C36: Sumberrrahayu | D36: =$H$11 -> 4275000 | E36: =$H$12 -> 3300000 | F36: =$H$13 -> 3000000 | G36: =$H$14 -> 2900000 | H36: 15 | I36: =D36*12 -> 51300000 | J36: =E36*12 -> 39600000 | K36: =F36*6*12 -> 216000000 | L36: =G36*H36*12 -> 522000000 | M36: =SUM(I36:L36) -> 828900000 | N36: =$E$135*$E$137 -> 104976 | O36: =N36*8 -> 839808 | P36: =O36*12 -> 10077696 | Q36: =SUM(D36*$E$143)*12 -> 3201120 | R36: =SUM(E36*$E$143)*12 -> 2471040 | S36: =SUM(F36*$E$143*6)*12 -> 13478400 | T36: =SUM(G36*$E$143*H36)*12 -> 32572800 | U36: =SUM(Q36:T36) -> 51723360 | V36: =SUM($E$135*$E$143*8)*12 -> 15721206 | W36: =SUM(U36+V36) -> 67444566 | X36: =SUM(D36*2)+(E36*2)+(F36*6*2)+(G36*H36*2) -> 138150000
B37: 14 | C37: Sumbersari | D37: =$H$11 -> 4275000 | E37: =$H$12 -> 3300000 | F37: =$H$13 -> 3000000 | G37: =$H$14 -> 2900000 | H37: 13 | I37: =D37*12 -> 51300000 | J37: =E37*12 -> 39600000 | K37: =F37*6*12 -> 216000000 | L37: =G37*H37*12 -> 452400000 | M37: =SUM(I37:L37) -> 759300000 | N37: =$E$135*$E$137 -> 104976 | O37: =N37*8 -> 839808 | P37: =O37*12 -> 10077696 | Q37: =SUM(D37*$E$143)*12 -> 3201120 | R37: =SUM(E37*$E$143)*12 -> 2471040 | S37: =SUM(F37*$E$143*6)*12 -> 13478400 | T37: =SUM(G37*$E$143*H37)*12 -> 28229760 | U37: =SUM(Q37:T37) -> 47380320 | V37: =SUM($E$135*$E$143*8)*12 -> 15721206 | W37: =SUM(U37+V37) -> 63101526 | X37: =SUM(D37*2)+(E37*2)+(F37*6*2)+(G37*H37*2) -> 126550000
B38: 15 | C38: Sumberagung | D38: =$H$11 -> 4275000 | E38: =$H$12 -> 3300000 | F38: =$H$13 -> 3000000 | G38: =$H$14 -> 2900000 | H38: 21 | I38: =D38*12 -> 51300000 | J38: =E38*12 -> 39600000 | K38: =F38*6*12 -> 216000000 | L38: =G38*H38*12 -> 730800000 | M38: =SUM(I38:L38) -> 1037700000 | N38: =$E$135*$E$137 -> 104976 | O38: =N38*8 -> 839808 | P38: =O38*12 -> 10077696 | Q38: =SUM(D38*$E$143)*12 -> 3201120 | R38: =SUM(E38*$E$143)*12 -> 2471040 | S38: =SUM(F38*$E$143*6)*12 -> 13478400 | T38: =SUM(G38*$E$143*H38)*12 -> 45601920 | U38: =SUM(Q38:T38) -> 64752480 | V38: =SUM($E$135*$E$143*8)*12 -> 15721206 | W38: =SUM(U38+V38) -> 80473686 | X38: =SUM(D38*2)+(E38*2)+(F38*6*2)+(G38*H38*2) -> 172950000
B39: 16 | C39: Sumberarum | D39: =$H$11 -> 4275000 | E39: =$H$12 -> 3300000 | F39: =$H$13 -> 3000000 | G39: =$H$14 -> 2900000 | H39: 16 | I39: =D39*12 -> 51300000 | J39: =E39*12 -> 39600000 | K39: =F39*6*12 -> 216000000 | L39: =G39*H39*12 -> 556800000 | M39: =SUM(I39:L39) -> 863700000 | N39: =$E$135*$E$137 -> 104976 | O39: =N39*8 -> 839808 | P39: =O39*12 -> 10077696 | Q39: =SUM(D39*$E$143)*12 -> 3201120 | R39: =SUM(E39*$E$143)*12 -> 2471040 | S39: =SUM(F39*$E$143*6)*12 -> 13478400 | T39: =SUM(G39*$E$143*H39)*12 -> 34744320 | U39: =SUM(Q39:T39) -> 53894880 | V39: =SUM($E$135*$E$143*8)*12 -> 15721206 | W39: =SUM(U39+V39) -> 69616086 | X39: =SUM(D39*2)+(E39*2)+(F39*6*2)+(G39*H39*2) -> 143950000
B40: IV. | C40: MINGGIR
B41: 17 | C41: Sendangarum | D41: =$H$11 -> 4275000 | E41: =$H$12 -> 3300000 | F41: =$H$13 -> 3000000 | G41: =$H$14 -> 2900000 | H41: 9 | I41: =D41*12 -> 51300000 | J41: =E41*12 -> 39600000 | K41: =F41*6*12 -> 216000000 | L41: =G41*H41*12 -> 313200000 | M41: =SUM(I41:L41) -> 620100000 | N41: =$E$135*$E$137 -> 104976 | O41: =N41*8 -> 839808 | P41: =O41*12 -> 10077696 | Q41: =SUM(D41*$E$143)*12 -> 3201120 | R41: =SUM(E41*$E$143)*12 -> 2471040 | S41: =SUM(F41*$E$143*6)*12 -> 13478400 | T41: =SUM(G41*$E$143*H41)*12 -> 19543680 | U41: =SUM(Q41:T41) -> 38694240 | V41: =SUM($E$135*$E$143*8)*12 -> 15721206 | W41: =SUM(U41+V41) -> 54415446 | X41: =SUM(D41*2)+(E41*2)+(F41*6*2)+(G41*H41*2) -> 103350000
B42: 18 | C42: Sendangmulyo | D42: =$H$11 -> 4275000 | E42: =$H$12 -> 3300000 | F42: =$H$13 -> 3000000 | G42: =$H$14 -> 2900000 | H42: 16 | I42: =D42*12 -> 51300000 | J42: =E42*12 -> 39600000 | K42: =F42*6*12 -> 216000000 | L42: =G42*H42*12 -> 556800000 | M42: =SUM(I42:L42) -> 863700000 | N42: =$E$135*$E$137 -> 104976 | O42: =N42*8 -> 839808 | P42: =O42*12 -> 10077696 | Q42: =SUM(D42*$E$143)*12 -> 3201120 | R42: =SUM(E42*$E$143)*12 -> 2471040 | S42: =SUM(F42*$E$143*6)*12 -> 13478400 | T42: =SUM(G42*$E$143*H42)*12 -> 34744320 | U42: =SUM(Q42:T42) -> 53894880 | V42: =SUM($E$135*$E$143*8)*12 -> 15721206 | W42: =SUM(U42+V42) -> 69616086 | X42: =SUM(D42*2)+(E42*2)+(F42*6*2)+(G42*H42*2) -> 143950000
B43: 19 | C43: Sendangagung | D43: =$H$11 -> 4275000 | E43: =$H$12 -> 3300000 | F43: =$H$13 -> 3000000 | G43: =$H$14 -> 2900000 | H43: 15 | I43: =D43*12 -> 51300000 | J43: =E43*12 -> 39600000 | K43: =F43*6*12 -> 216000000 | L43: =G43*H43*12 -> 522000000 | M43: =SUM(I43:L43) -> 828900000 | N43: =$E$135*$E$137 -> 104976 | O43: =N43*8 -> 839808 | P43: =O43*12 -> 10077696 | Q43: =SUM(D43*$E$143)*12 -> 3201120 | R43: =SUM(E43*$E$143)*12 -> 2471040 | S43: =SUM(F43*$E$143*6)*12 -> 13478400 | T43: =SUM(G43*$E$143*H43)*12 -> 32572800 | U43: =SUM(Q43:T43) -> 51723360 | V43: =SUM($E$135*$E$143*8)*12 -> 15721206 | W43: =SUM(U43+V43) -> 67444566 | X43: =SUM(D43*2)+(E43*2)+(F43*6*2)+(G43*H43*2) -> 138150000
B44: 20 | C44: Sendangsari | D44: =$H$11 -> 4275000 | E44: =$H$12 -> 3300000 | F44: =$H$13 -> 3000000 | G44: =$H$14 -> 2900000 | H44: 12 | I44: =D44*12 -> 51300000 | J44: =E44*12 -> 39600000 | K44: =F44*6*12 -> 216000000 | L44: =G44*H44*12 -> 417600000 | M44: =SUM(I44:L44) -> 724500000 | N44: =$E$135*$E$137 -> 104976 | O44: =N44*8 -> 839808 | P44: =O44*12 -> 10077696 | Q44: =SUM(D44*$E$143)*12 -> 3201120 | R44: =SUM(E44*$E$143)*12 -> 2471040 | S44: =SUM(F44*$E$143*6)*12 -> 13478400 | T44: =SUM(G44*$E$143*H44)*12 -> 26058240 | U44: =SUM(Q44:T44) -> 45208800 | V44: =SUM($E$135*$E$143*8)*12 -> 15721206 | W44: =SUM(U44+V44) -> 60930006 | X44: =SUM(D44*2)+(E44*2)+(F44*6*2)+(G44*H44*2) -> 120750000
B45: 21 | C45: Sendangrejo | D45: =$H$11 -> 4275000 | E45: =$H$12 -> 3300000 | F45: =$H$13 -> 3000000 | G45: =$H$14 -> 2900000 | H45: 16 | I45: =D45*12 -> 51300000 | J45: =E45*12 -> 39600000 | K45: =F45*6*12 -> 216000000 | L45: =G45*H45*12 -> 556800000 | M45: =SUM(I45:L45) -> 863700000 | N45: =$E$135*$E$137 -> 104976 | O45: =N45*8 -> 839808 | P45: =O45*12 -> 10077696 | Q45: =SUM(D45*$E$143)*12 -> 3201120 | R45: =SUM(E45*$E$143)*12 -> 2471040 | S45: =SUM(F45*$E$143*6)*12 -> 13478400 | T45: =SUM(G45*$E$143*H45)*12 -> 34744320 | U45: =SUM(Q45:T45) -> 53894880 | V45: =SUM($E$135*$E$143*8)*12 -> 15721206 | W45: =SUM(U45+V45) -> 69616086 | X45: =SUM(D45*2)+(E45*2)+(F45*6*2)+(G45*H45*2) -> 143950000
B46: V. | C46: SEYEGAN
B47: 22 | C47: Margoluwih | D47: =$H$11 -> 4275000 | E47: =$H$12 -> 3300000 | F47: =$H$13 -> 3000000 | G47: =$H$14 -> 2900000 | H47: 14 | I47: =D47*12 -> 51300000 | J47: =E47*12 -> 39600000 | K47: =F47*6*12 -> 216000000 | L47: =G47*H47*12 -> 487200000 | M47: =SUM(I47:L47) -> 794100000 | N47: =$E$135*$E$137 -> 104976 | O47: =N47*8 -> 839808 | P47: =O47*12 -> 10077696 | Q47: =SUM(D47*$E$143)*12 -> 3201120 | R47: =SUM(E47*$E$143)*12 -> 2471040 | S47: =SUM(F47*$E$143*6)*12 -> 13478400 | T47: =SUM(G47*$E$143*H47)*12 -> 30401280 | U47: =SUM(Q47:T47) -> 49551840 | V47: =SUM($E$135*$E$143*8)*12 -> 15721206 | W47: =SUM(U47+V47) -> 65273046 | X47: =SUM(D47*2)+(E47*2)+(F47*6*2)+(G47*H47*2) -> 132350000
B48: 23 | C48: Margodadi | D48: =$H$11 -> 4275000 | E48: =$H$12 -> 3300000 | F48: =$H$13 -> 3000000 | G48: =$H$14 -> 2900000 | H48: 16 | I48: =D48*12 -> 51300000 | J48: =E48*12 -> 39600000 | K48: =F48*6*12 -> 216000000 | L48: =G48*H48*12 -> 556800000 | M48: =SUM(I48:L48) -> 863700000 | N48: =$E$135*$E$137 -> 104976 | O48: =N48*8 -> 839808 | P48: =O48*12 -> 10077696 | Q48: =SUM(D48*$E$143)*12 -> 3201120 | R48: =SUM(E48*$E$143)*12 -> 2471040 | S48: =SUM(F48*$E$143*6)*12 -> 13478400 | T48: =SUM(G48*$E$143*H48)*12 -> 34744320 | U48: =SUM(Q48:T48) -> 53894880 | V48: =SUM($E$135*$E$143*8)*12 -> 15721206 | W48: =SUM(U48+V48) -> 69616086 | X48: =SUM(D48*2)+(E48*2)+(F48*6*2)+(G48*H48*2) -> 143950000
B49: 24 | C49: Margokaton | D49: =$H$11 -> 4275000 | E49: =$H$12 -> 3300000 | F49: =$H$13 -> 3000000 | G49: =$H$14 -> 2900000 | H49: 12 | I49: =D49*12 -> 51300000 | J49: =E49*12 -> 39600000 | K49: =F49*6*12 -> 216000000 | L49: =G49*H49*12 -> 417600000 | M49: =SUM(I49:L49) -> 724500000 | N49: =$E$135*$E$137 -> 104976 | O49: =N49*8 -> 839808 | P49: =O49*12 -> 10077696 | Q49: =SUM(D49*$E$143)*12 -> 3201120 | R49: =SUM(E49*$E$143)*12 -> 2471040 | S49: =SUM(F49*$E$143*6)*12 -> 13478400 | T49: =SUM(G49*$E$143*H49)*12 -> 26058240 | U49: =SUM(Q49:T49) -> 45208800 | V49: =SUM($E$135*$E$143*8)*12 -> 15721206 | W49: =SUM(U49+V49) -> 60930006 | X49: =SUM(D49*2)+(E49*2)+(F49*6*2)+(G49*H49*2) -> 120750000
B50: 25 | C50: Margomulyo | D50: =$H$11 -> 4275000 | E50: =$H$12 -> 3300000 | F50: =$H$13 -> 3000000 | G50: =$H$14 -> 2900000 | H50: 13 | I50: =D50*12 -> 51300000 | J50: =E50*12 -> 39600000 | K50: =F50*6*12 -> 216000000 | L50: =G50*H50*12 -> 452400000 | M50: =SUM(I50:L50) -> 759300000 | N50: =$E$135*$E$137 -> 104976 | O50: =N50*8 -> 839808 | P50: =O50*12 -> 10077696 | Q50: =SUM(D50*$E$143)*12 -> 3201120 | R50: =SUM(E50*$E$143)*12 -> 2471040 | S50: =SUM(F50*$E$143*6)*12 -> 13478400 | T50: =SUM(G50*$E$143*H50)*12 -> 28229760 | U50: =SUM(Q50:T50) -> 47380320 | V50: =SUM($E$135*$E$143*8)*12 -> 15721206 | W50: =SUM(U50+V50) -> 63101526 | X50: =SUM(D50*2)+(E50*2)+(F50*6*2)+(G50*H50*2) -> 126550000
B51: 26 | C51: Margoagung | D51: =$H$11 -> 4275000 | E51: =$H$12 -> 3300000 | F51: =$H$13 -> 3000000 | G51: =$H$14 -> 2900000 | H51: 12 | I51: =D51*12 -> 51300000 | J51: =E51*12 -> 39600000 | K51: =F51*6*12 -> 216000000 | L51: =G51*H51*12 -> 417600000 | M51: =SUM(I51:L51) -> 724500000 | N51: =$E$135*$E$137 -> 104976 | O51: =N51*8 -> 839808 | P51: =O51*12 -> 10077696 | Q51: =SUM(D51*$E$143)*12 -> 3201120 | R51: =SUM(E51*$E$143)*12 -> 2471040 | S51: =SUM(F51*$E$143*6)*12 -> 13478400 | T51: =SUM(G51*$E$143*H51)*12 -> 26058240 | U51: =SUM(Q51:T51) -> 45208800 | V51: =SUM($E$135*$E$143*8)*12 -> 15721206 | W51: =SUM(U51+V51) -> 60930006 | X51: =SUM(D51*2)+(E51*2)+(F51*6*2)+(G51*H51*2) -> 120750000
B52: VI. | C52: MLATI
B53: 27 | C53: Sinduadi | D53: =$H$11 -> 4275000 | E53: =$H$12 -> 3300000 | F53: =$H$13 -> 3000000 | G53: =$H$14 -> 2900000 | H53: 18 | I53: =D53*12 -> 51300000 | J53: =E53*12 -> 39600000 | K53: =F53*6*12 -> 216000000 | L53: =G53*H53*12 -> 626400000 | M53: =SUM(I53:L53) -> 933300000 | N53: =$E$135*$E$137 -> 104976 | O53: =N53*8 -> 839808 | P53: =O53*12 -> 10077696 | Q53: =SUM(D53*$E$143)*12 -> 3201120 | R53: =SUM(E53*$E$143)*12 -> 2471040 | S53: =SUM(F53*$E$143*6)*12 -> 13478400 | T53: =SUM(G53*$E$143*H53)*12 -> 39087360 | U53: =SUM(Q53:T53) -> 58237920 | V53: =SUM($E$135*$E$143*8)*12 -> 15721206 | W53: =SUM(U53+V53) -> 73959126 | X53: =SUM(D53*2)+(E53*2)+(F53*6*2)+(G53*H53*2) -> 155550000
B54: 28 | C54: Sendangadi | D54: =$H$11 -> 4275000 | E54: =$H$12 -> 3300000 | F54: =$H$13 -> 3000000 | G54: =$H$14 -> 2900000 | H54: 14 | I54: =D54*12 -> 51300000 | J54: =E54*12 -> 39600000 | K54: =F54*6*12 -> 216000000 | L54: =G54*H54*12 -> 487200000 | M54: =SUM(I54:L54) -> 794100000 | N54: =$E$135*$E$137 -> 104976 | O54: =N54*8 -> 839808 | P54: =O54*12 -> 10077696 | Q54: =SUM(D54*$E$143)*12 -> 3201120 | R54: =SUM(E54*$E$143)*12 -> 2471040 | S54: =SUM(F54*$E$143*6)*12 -> 13478400 | T54: =SUM(G54*$E$143*H54)*12 -> 30401280 | U54: =SUM(Q54:T54) -> 49551840 | V54: =SUM($E$135*$E$143*8)*12 -> 15721206 | W54: =SUM(U54+V54) -> 65273046 | X54: =SUM(D54*2)+(E54*2)+(F54*6*2)+(G54*H54*2) -> 132350000
B55: 29 | C55: Tlogoadi | D55: =$H$11 -> 4275000 | E55: =$H$12 -> 3300000 | F55: =$H$13 -> 3000000 | G55: =$H$14 -> 2900000 | H55: 12 | I55: =D55*12 -> 51300000 | J55: =E55*12 -> 39600000 | K55: =F55*6*12 -> 216000000 | L55: =G55*H55*12 -> 417600000 | M55: =SUM(I55:L55) -> 724500000 | N55: =$E$135*$E$137 -> 104976 | O55: =N55*8 -> 839808 | P55: =O55*12 -> 10077696 | Q55: =SUM(D55*$E$143)*12 -> 3201120 | R55: =SUM(E55*$E$143)*12 -> 2471040 | S55: =SUM(F55*$E$143*6)*12 -> 13478400 | T55: =SUM(G55*$E$143*H55)*12 -> 26058240 | U55: =SUM(Q55:T55) -> 45208800 | V55: =SUM($E$135*$E$143*8)*12 -> 15721206 | W55: =SUM(U55+V55) -> 60930006 | X55: =SUM(D55*2)+(E55*2)+(F55*6*2)+(G55*H55*2) -> 120750000
B56: 30 | C56: Tirtoadi | D56: =$H$11 -> 4275000 | E56: =$H$12 -> 3300000 | F56: =$H$13 -> 3000000 | G56: =$H$14 -> 2900000 | H56: 15 | I56: =D56*12 -> 51300000 | J56: =E56*12 -> 39600000 | K56: =F56*6*12 -> 216000000 | L56: =G56*H56*12 -> 522000000 | M56: =SUM(I56:L56) -> 828900000 | N56: =$E$135*$E$137 -> 104976 | O56: =N56*8 -> 839808 | P56: =O56*12 -> 10077696 | Q56: =SUM(D56*$E$143)*12 -> 3201120 | R56: =SUM(E56*$E$143)*12 -> 2471040 | S56: =SUM(F56*$E$143*6)*12 -> 13478400 | T56: =SUM(G56*$E$143*H56)*12 -> 32572800 | U56: =SUM(Q56:T56) -> 51723360 | V56: =SUM($E$135*$E$143*8)*12 -> 15721206 | W56: =SUM(U56+V56) -> 67444566 | X56: =SUM(D56*2)+(E56*2)+(F56*6*2)+(G56*H56*2) -> 138150000
B57: 31 | C57: Sumberadi | D57: =$H$11 -> 4275000 | E57: =$H$12 -> 3300000 | F57: =$H$13 -> 3000000 | G57: =$H$14 -> 2900000 | H57: 15 | I57: =D57*12 -> 51300000 | J57: =E57*12 -> 39600000 | K57: =F57*6*12 -> 216000000 | L57: =G57*H57*12 -> 522000000 | M57: =SUM(I57:L57) -> 828900000 | N57: =$E$135*$E$137 -> 104976 | O57: =N57*8 -> 839808 | P57: =O57*12 -> 10077696 | Q57: =SUM(D57*$E$143)*12 -> 3201120 | R57: =SUM(E57*$E$143)*12 -> 2471040 | S57: =SUM(F57*$E$143*6)*12 -> 13478400 | T57: =SUM(G57*$E$143*H57)*12 -> 32572800 | U57: =SUM(Q57:T57) -> 51723360 | V57: =SUM($E$135*$E$143*8)*12 -> 15721206 | W57: =SUM(U57+V57) -> 67444566 | X57: =SUM(D57*2)+(E57*2)+(F57*6*2)+(G57*H57*2) -> 138150000
B58: VII. | C58: DEPOK
B59: 32 | C59: Caturtunggal | D59: =$H$11 -> 4275000 | E59: =$H$12 -> 3300000 | F59: =$H$13 -> 3000000 | G59: =$H$14 -> 2900000 | H59: 20 | I59: =D59*12 -> 51300000 | J59: =E59*12 -> 39600000 | K59: =F59*6*12 -> 216000000 | L59: =G59*H59*12 -> 696000000 | M59: =SUM(I59:L59) -> 1002900000 | N59: =$E$135*$E$137 -> 104976 | O59: =N59*8 -> 839808 | P59: =O59*12 -> 10077696 | Q59: =SUM(D59*$E$143)*12 -> 3201120 | R59: =SUM(E59*$E$143)*12 -> 2471040 | S59: =SUM(F59*$E$143*6)*12 -> 13478400 | T59: =SUM(G59*$E$143*H59)*12 -> 43430400 | U59: =SUM(Q59:T59) -> 62580960 | V59: =SUM($E$135*$E$143*8)*12 -> 15721206 | W59: =SUM(U59+V59) -> 78302166 | X59: =SUM(D59*2)+(E59*2)+(F59*6*2)+(G59*H59*2) -> 167150000
B60: 33 | C60: Maguwoharjo | D60: =$H$11 -> 4275000 | E60: =$H$12 -> 3300000 | F60: =$H$13 -> 3000000 | G60: =$H$14 -> 2900000 | H60: 20 | I60: =D60*12 -> 51300000 | J60: =E60*12 -> 39600000 | K60: =F60*6*12 -> 216000000 | L60: =G60*H60*12 -> 696000000 | M60: =SUM(I60:L60) -> 1002900000 | N60: =$E$135*$E$137 -> 104976 | O60: =N60*8 -> 839808 | P60: =O60*12 -> 10077696 | Q60: =SUM(D60*$E$143)*12 -> 3201120 | R60: =SUM(E60*$E$143)*12 -> 2471040 | S60: =SUM(F60*$E$143*6)*12 -> 13478400 | T60: =SUM(G60*$E$143*H60)*12 -> 43430400 | U60: =SUM(Q60:T60) -> 62580960 | V60: =SUM($E$135*$E$143*8)*12 -> 15721206 | W60: =SUM(U60+V60) -> 78302166 | X60: =SUM(D60*2)+(E60*2)+(F60*6*2)+(G60*H60*2) -> 167150000
B61: 34 | C61: Condongcatur | D61: =$H$11 -> 4275000 | E61: =$H$12 -> 3300000 | F61: =$H$13 -> 3000000 | G61: =$H$14 -> 2900000 | H61: 18 | I61: =D61*12 -> 51300000 | J61: =E61*12 -> 39600000 | K61: =F61*6*12 -> 216000000 | L61: =G61*H61*12 -> 626400000 | M61: =SUM(I61:L61) -> 933300000 | N61: =$E$135*$E$137 -> 104976 | O61: =N61*8 -> 839808 | P61: =O61*12 -> 10077696 | Q61: =SUM(D61*$E$143)*12 -> 3201120 | R61: =SUM(E61*$E$143)*12 -> 2471040 | S61: =SUM(F61*$E$143*6)*12 -> 13478400 | T61: =SUM(G61*$E$143*H61)*12 -> 39087360 | U61: =SUM(Q61:T61) -> 58237920 | V61: =SUM($E$135*$E$143*8)*12 -> 15721206 | W61: =SUM(U61+V61) -> 73959126 | X61: =SUM(D61*2)+(E61*2)+(F61*6*2)+(G61*H61*2) -> 155550000
B62: VIII. | C62: BERBAH
B63: 35 | C63: Sendangtirto | D63: =$H$11 -> 4275000 | E63: =$H$12 -> 3300000 | F63: =$H$13 -> 3000000 | G63: =$H$14 -> 2900000 | H63: 18 | I63: =D63*12 -> 51300000 | J63: =E63*12 -> 39600000 | K63: =F63*6*12 -> 216000000 | L63: =G63*H63*12 -> 626400000 | M63: =SUM(I63:L63) -> 933300000 | N63: =$E$135*$E$137 -> 104976 | O63: =N63*8 -> 839808 | P63: =O63*12 -> 10077696 | Q63: =SUM(D63*$E$143)*12 -> 3201120 | R63: =SUM(E63*$E$143)*12 -> 2471040 | S63: =SUM(F63*$E$143*6)*12 -> 13478400 | T63: =SUM(G63*$E$143*H63)*12 -> 39087360 | U63: =SUM(Q63:T63) -> 58237920 | V63: =SUM($E$135*$E$143*8)*12 -> 15721206 | W63: =SUM(U63+V63) -> 73959126 | X63: =SUM(D63*2)+(E63*2)+(F63*6*2)+(G63*H63*2) -> 155550000
B64: 36 | C64: Tegaltirto | D64: =$H$11 -> 4275000 | E64: =$H$12 -> 3300000 | F64: =$H$13 -> 3000000 | G64: =$H$14 -> 2900000 | H64: 14 | I64: =D64*12 -> 51300000 | J64: =E64*12 -> 39600000 | K64: =F64*6*12 -> 216000000 | L64: =G64*H64*12 -> 487200000 | M64: =SUM(I64:L64) -> 794100000 | N64: =$E$135*$E$137 -> 104976 | O64: =N64*8 -> 839808 | P64: =O64*12 -> 10077696 | Q64: =SUM(D64*$E$143)*12 -> 3201120 | R64: =SUM(E64*$E$143)*12 -> 2471040 | S64: =SUM(F64*$E$143*6)*12 -> 13478400 | T64: =SUM(G64*$E$143*H64)*12 -> 30401280 | U64: =SUM(Q64:T64) -> 49551840 | V64: =SUM($E$135*$E$143*8)*12 -> 15721206 | W64: =SUM(U64+V64) -> 65273046 | X64: =SUM(D64*2)+(E64*2)+(F64*6*2)+(G64*H64*2) -> 132350000
B65: 37 | C65: Kalitirto | D65: =$H$11 -> 4275000 | E65: =$H$12 -> 3300000 | F65: =$H$13 -> 3000000 | G65: =$H$14 -> 2900000 | H65: 16 | I65: =D65*12 -> 51300000 | J65: =E65*12 -> 39600000 | K65: =F65*6*12 -> 216000000 | L65: =G65*H65*12 -> 556800000 | M65: =SUM(I65:L65) -> 863700000 | N65: =$E$135*$E$137 -> 104976 | O65: =N65*8 -> 839808 | P65: =O65*12 -> 10077696 | Q65: =SUM(D65*$E$143)*12 -> 3201120 | R65: =SUM(E65*$E$143)*12 -> 2471040 | S65: =SUM(F65*$E$143*6)*12 -> 13478400 | T65: =SUM(G65*$E$143*H65)*12 -> 34744320 | U65: =SUM(Q65:T65) -> 53894880 | V65: =SUM($E$135*$E$143*8)*12 -> 15721206 | W65: =SUM(U65+V65) -> 69616086 | X65: =SUM(D65*2)+(E65*2)+(F65*6*2)+(G65*H65*2) -> 143950000
B66: 38 | C66: Jogotirto | D66: =$H$11 -> 4275000 | E66: =$H$12 -> 3300000 | F66: =$H$13 -> 3000000 | G66: =$H$14 -> 2900000 | H66: 10 | I66: =D66*12 -> 51300000 | J66: =E66*12 -> 39600000 | K66: =F66*6*12 -> 216000000 | L66: =G66*H66*12 -> 348000000 | M66: =SUM(I66:L66) -> 654900000 | N66: =$E$135*$E$137 -> 104976 | O66: =N66*8 -> 839808 | P66: =O66*12 -> 10077696 | Q66: =SUM(D66*$E$143)*12 -> 3201120 | R66: =SUM(E66*$E$143)*12 -> 2471040 | S66: =SUM(F66*$E$143*6)*12 -> 13478400 | T66: =SUM(G66*$E$143*H66)*12 -> 21715200 | U66: =SUM(Q66:T66) -> 40865760 | V66: =SUM($E$135*$E$143*8)*12 -> 15721206 | W66: =SUM(U66+V66) -> 56586966 | X66: =SUM(D66*2)+(E66*2)+(F66*6*2)+(G66*H66*2) -> 109150000
B67: IX. | C67: PRAMBANAN
B68: 39 | C68: Sumberharjo | D68: =$H$11 -> 4275000 | E68: =$H$12 -> 3300000 | F68: =$H$13 -> 3000000 | G68: =$H$14 -> 2900000 | H68: 18 | I68: =D68*12 -> 51300000 | J68: =E68*12 -> 39600000 | K68: =F68*6*12 -> 216000000 | L68: =G68*H68*12 -> 626400000 | M68: =SUM(I68:L68) -> 933300000 | N68: =$E$135*$E$137 -> 104976 | O68: =N68*8 -> 839808 | P68: =O68*12 -> 10077696 | Q68: =SUM(D68*$E$143)*12 -> 3201120 | R68: =SUM(E68*$E$143)*12 -> 2471040 | S68: =SUM(F68*$E$143*6)*12 -> 13478400 | T68: =SUM(G68*$E$143*H68)*12 -> 39087360 | U68: =SUM(Q68:T68) -> 58237920 | V68: =SUM($E$135*$E$143*8)*12 -> 15721206 | W68: =SUM(U68+V68) -> 73959126 | X68: =SUM(D68*2)+(E68*2)+(F68*6*2)+(G68*H68*2) -> 155550000
B69: 40 | C69: Wukirharjo | D69: =$H$11 -> 4275000 | E69: =$H$12 -> 3300000 | F69: =$H$13 -> 3000000 | G69: =$H$14 -> 2900000 | H69: 6 | I69: =D69*12 -> 51300000 | J69: =E69*12 -> 39600000 | K69: =F69*6*12 -> 216000000 | L69: =G69*H69*12 -> 208800000 | M69: =SUM(I69:L69) -> 515700000 | N69: =$E$135*$E$137 -> 104976 | O69: =N69*8 -> 839808 | P69: =O69*12 -> 10077696 | Q69: =SUM(D69*$E$143)*12 -> 3201120 | R69: =SUM(E69*$E$143)*12 -> 2471040 | S69: =SUM(F69*$E$143*6)*12 -> 13478400 | T69: =SUM(G69*$E$143*H69)*12 -> 13029120 | U69: =SUM(Q69:T69) -> 32179680 | V69: =SUM($E$135*$E$143*8)*12 -> 15721206 | W69: =SUM(U69+V69) -> 47900886 | X69: =SUM(D69*2)+(E69*2)+(F69*6*2)+(G69*H69*2) -> 85950000
B70: 41 | C70: Gayamharjo | D70: =$H$11 -> 4275000 | E70: =$H$12 -> 3300000 | F70: =$H$13 -> 3000000 | G70: =$H$14 -> 2900000 | H70: 7 | I70: =D70*12 -> 51300000 | J70: =E70*12 -> 39600000 | K70: =F70*6*12 -> 216000000 | L70: =G70*H70*12 -> 243600000 | M70: =SUM(I70:L70) -> 550500000 | N70: =$E$135*$E$137 -> 104976 | O70: =N70*8 -> 839808 | P70: =O70*12 -> 10077696 | Q70: =SUM(D70*$E$143)*12 -> 3201120 | R70: =SUM(E70*$E$143)*12 -> 2471040 | S70: =SUM(F70*$E$143*6)*12 -> 13478400 | T70: =SUM(G70*$E$143*H70)*12 -> 15200640 | U70: =SUM(Q70:T70) -> 34351200 | V70: =SUM($E$135*$E$143*8)*12 -> 15721206 | W70: =SUM(U70+V70) -> 50072406 | X70: =SUM(D70*2)+(E70*2)+(F70*6*2)+(G70*H70*2) -> 91750000
B71: 42 | C71: Sambirejo | D71: =$H$11 -> 4275000 | E71: =$H$12 -> 3300000 | F71: =$H$13 -> 3000000 | G71: =$H$14 -> 2900000 | H71: 8 | I71: =D71*12 -> 51300000 | J71: =E71*12 -> 39600000 | K71: =F71*6*12 -> 216000000 | L71: =G71*H71*12 -> 278400000 | M71: =SUM(I71:L71) -> 585300000 | N71: =$E$135*$E$137 -> 104976 | O71: =N71*8 -> 839808 | P71: =O71*12 -> 10077696 | Q71: =SUM(D71*$E$143)*12 -> 3201120 | R71: =SUM(E71*$E$143)*12 -> 2471040 | S71: =SUM(F71*$E$143*6)*12 -> 13478400 | T71: =SUM(G71*$E$143*H71)*12 -> 17372160 | U71: =SUM(Q71:T71) -> 36522720 | V71: =SUM($E$135*$E$143*8)*12 -> 15721206 | W71: =SUM(U71+V71) -> 52243926 | X71: =SUM(D71*2)+(E71*2)+(F71*6*2)+(G71*H71*2) -> 97550000
B72: 43 | C72: Madurejo | D72: =$H$11 -> 4275000 | E72: =$H$12 -> 3300000 | F72: =$H$13 -> 3000000 | G72: =$H$14 -> 2900000 | H72: 16 | I72: =D72*12 -> 51300000 | J72: =E72*12 -> 39600000 | K72: =F72*6*12 -> 216000000 | L72: =G72*H72*12 -> 556800000 | M72: =SUM(I72:L72) -> 863700000 | N72: =$E$135*$E$137 -> 104976 | O72: =N72*8 -> 839808 | P72: =O72*12 -> 10077696 | Q72: =SUM(D72*$E$143)*12 -> 3201120 | R72: =SUM(E72*$E$143)*12 -> 2471040 | S72: =SUM(F72*$E$143*6)*12 -> 13478400 | T72: =SUM(G72*$E$143*H72)*12 -> 34744320 | U72: =SUM(Q72:T72) -> 53894880 | V72: =SUM($E$135*$E$143*8)*12 -> 15721206 | W72: =SUM(U72+V72) -> 69616086 | X72: =SUM(D72*2)+(E72*2)+(F72*6*2)+(G72*H72*2) -> 143950000
B73: 44 | C73: Bokoharjo | D73: =$H$11 -> 4275000 | E73: =$H$12 -> 3300000 | F73: =$H$13 -> 3000000 | G73: =$H$14 -> 2900000 | H73: 13 | I73: =D73*12 -> 51300000 | J73: =E73*12 -> 39600000 | K73: =F73*6*12 -> 216000000 | L73: =G73*H73*12 -> 452400000 | M73: =SUM(I73:L73) -> 759300000 | N73: =$E$135*$E$137 -> 104976 | O73: =N73*8 -> 839808 | P73: =O73*12 -> 10077696 | Q73: =SUM(D73*$E$143)*12 -> 3201120 | R73: =SUM(E73*$E$143)*12 -> 2471040 | S73: =SUM(F73*$E$143*6)*12 -> 13478400 | T73: =SUM(G73*$E$143*H73)*12 -> 28229760 | U73: =SUM(Q73:T73) -> 47380320 | V73: =SUM($E$135*$E$143*8)*12 -> 15721206 | W73: =SUM(U73+V73) -> 63101526 | X73: =SUM(D73*2)+(E73*2)+(F73*6*2)+(G73*H73*2) -> 126550000
B74: X. | C74: KALASAN
B75: 45 | C75: Purwomartani | D75: =$H$11 -> 4275000 | E75: =$H$12 -> 3300000 | F75: =$H$13 -> 3000000 | G75: =$H$14 -> 2900000 | H75: 21 | I75: =D75*12 -> 51300000 | J75: =E75*12 -> 39600000 | K75: =F75*6*12 -> 216000000 | L75: =G75*H75*12 -> 730800000 | M75: =SUM(I75:L75) -> 1037700000 | N75: =$E$135*$E$137 -> 104976 | O75: =N75*8 -> 839808 | P75: =O75*12 -> 10077696 | Q75: =SUM(D75*$E$143)*12 -> 3201120 | R75: =SUM(E75*$E$143)*12 -> 2471040 | S75: =SUM(F75*$E$143*6)*12 -> 13478400 | T75: =SUM(G75*$E$143*H75)*12 -> 45601920 | U75: =SUM(Q75:T75) -> 64752480 | V75: =SUM($E$135*$E$143*8)*12 -> 15721206 | W75: =SUM(U75+V75) -> 80473686 | X75: =SUM(D75*2)+(E75*2)+(F75*6*2)+(G75*H75*2) -> 172950000
B76: 46 | C76: Tirtomartani | D76: =$H$11 -> 4275000 | E76: =$H$12 -> 3300000 | F76: =$H$13 -> 3000000 | G76: =$H$14 -> 2900000 | H76: 17 | I76: =D76*12 -> 51300000 | J76: =E76*12 -> 39600000 | K76: =F76*6*12 -> 216000000 | L76: =G76*H76*12 -> 591600000 | M76: =SUM(I76:L76) -> 898500000 | N76: =$E$135*$E$137 -> 104976 | O76: =N76*8 -> 839808 | P76: =O76*12 -> 10077696 | Q76: =SUM(D76*$E$143)*12 -> 3201120 | R76: =SUM(E76*$E$143)*12 -> 2471040 | S76: =SUM(F76*$E$143*6)*12 -> 13478400 | T76: =SUM(G76*$E$143*H76)*12 -> 36915840 | U76: =SUM(Q76:T76) -> 56066400 | V76: =SUM($E$135*$E$143*8)*12 -> 15721206 | W76: =SUM(U76+V76) -> 71787606 | X76: =SUM(D76*2)+(E76*2)+(F76*6*2)+(G76*H76*2) -> 149750000
B77: 47 | C77: Tamanmartani | D77: =$H$11 -> 4275000 | E77: =$H$12 -> 3300000 | F77: =$H$13 -> 3000000 | G77: =$H$14 -> 2900000 | H77: 22 | I77: =D77*12 -> 51300000 | J77: =E77*12 -> 39600000 | K77: =F77*6*12 -> 216000000 | L77: =G77*H77*12 -> 765600000 | M77: =SUM(I77:L77) -> 1072500000 | N77: =$E$135*$E$137 -> 104976 | O77: =N77*8 -> 839808 | P77: =O77*12 -> 10077696 | Q77: =SUM(D77*$E$143)*12 -> 3201120 | R77: =SUM(E77*$E$143)*12 -> 2471040 | S77: =SUM(F77*$E$143*6)*12 -> 13478400 | T77: =SUM(G77*$E$143*H77)*12 -> 47773440 | U77: =SUM(Q77:T77) -> 66924000 | V77: =SUM($E$135*$E$143*8)*12 -> 15721206 | W77: =SUM(U77+V77) -> 82645206 | X77: =SUM(D77*2)+(E77*2)+(F77*6*2)+(G77*H77*2) -> 178750000
B78: 48 | C78: Selomartani | D78: =$H$11 -> 4275000 | E78: =$H$12 -> 3300000 | F78: =$H$13 -> 3000000 | G78: =$H$14 -> 2900000 | H78: 20 | I78: =D78*12 -> 51300000 | J78: =E78*12 -> 39600000 | K78: =F78*6*12 -> 216000000 | L78: =G78*H78*12 -> 696000000 | M78: =SUM(I78:L78) -> 1002900000 | N78: =$E$135*$E$137 -> 104976 | O78: =N78*8 -> 839808 | P78: =O78*12 -> 10077696 | Q78: =SUM(D78*$E$143)*12 -> 3201120 | R78: =SUM(E78*$E$143)*12 -> 2471040 | S78: =SUM(F78*$E$143*6)*12 -> 13478400 | T78: =SUM(G78*$E$143*H78)*12 -> 43430400 | U78: =SUM(Q78:T78) -> 62580960 | V78: =SUM($E$135*$E$143*8)*12 -> 15721206 | W78: =SUM(U78+V78) -> 78302166 | X78: =SUM(D78*2)+(E78*2)+(F78*6*2)+(G78*H78*2) -> 167150000
B79: XI. | C79: NGEMPLAK
B80: 49 | C80: Sindumartani | D80: =$H$11 -> 4275000 | E80: =$H$12 -> 3300000 | F80: =$H$13 -> 3000000 | G80: =$H$14 -> 2900000 | H80: 11 | I80: =D80*12 -> 51300000 | J80: =E80*12 -> 39600000 | K80: =F80*6*12 -> 216000000 | L80: =G80*H80*12 -> 382800000 | M80: =SUM(I80:L80) -> 689700000 | N80: =$E$135*$E$137 -> 104976 | O80: =N80*8 -> 839808 | P80: =O80*12 -> 10077696 | Q80: =SUM(D80*$E$143)*12 -> 3201120 | R80: =SUM(E80*$E$143)*12 -> 2471040 | S80: =SUM(F80*$E$143*6)*12 -> 13478400 | T80: =SUM(G80*$E$143*H80)*12 -> 23886720 | U80: =SUM(Q80:T80) -> 43037280 | V80: =SUM($E$135*$E$143*8)*12 -> 15721206 | W80: =SUM(U80+V80) -> 58758486 | X80: =SUM(D80*2)+(E80*2)+(F80*6*2)+(G80*H80*2) -> 114950000
B81: 50 | C81: Bimomartani | D81: =$H$11 -> 4275000 | E81: =$H$12 -> 3300000 | F81: =$H$13 -> 3000000 | G81: =$H$14 -> 2900000 | H81: 12 | I81: =D81*12 -> 51300000 | J81: =E81*12 -> 39600000 | K81: =F81*6*12 -> 216000000 | L81: =G81*H81*12 -> 417600000 | M81: =SUM(I81:L81) -> 724500000 | N81: =$E$135*$E$137 -> 104976 | O81: =N81*8 -> 839808 | P81: =O81*12 -> 10077696 | Q81: =SUM(D81*$E$143)*12 -> 3201120 | R81: =SUM(E81*$E$143)*12 -> 2471040 | S81: =SUM(F81*$E$143*6)*12 -> 13478400 | T81: =SUM(G81*$E$143*H81)*12 -> 26058240 | U81: =SUM(Q81:T81) -> 45208800 | V81: =SUM($E$135*$E$143*8)*12 -> 15721206 | W81: =SUM(U81+V81) -> 60930006 | X81: =SUM(D81*2)+(E81*2)+(F81*6*2)+(G81*H81*2) -> 120750000
B82: 51 | C82: Widodomartani | D82: =$H$11 -> 4275000 | E82: =$H$12 -> 3300000 | F82: =$H$13 -> 3000000 | G82: =$H$14 -> 2900000 | H82: 19 | I82: =D82*12 -> 51300000 | J82: =E82*12 -> 39600000 | K82: =F82*6*12 -> 216000000 | L82: =G82*H82*12 -> 661200000 | M82: =SUM(I82:L82) -> 968100000 | N82: =$E$135*$E$137 -> 104976 | O82: =N82*8 -> 839808 | P82: =O82*12 -> 10077696 | Q82: =SUM(D82*$E$143)*12 -> 3201120 | R82: =SUM(E82*$E$143)*12 -> 2471040 | S82: =SUM(F82*$E$143*6)*12 -> 13478400 | T82: =SUM(G82*$E$143*H82)*12 -> 41258880 | U82: =SUM(Q82:T82) -> 60409440 | V82: =SUM($E$135*$E$143*8)*12 -> 15721206 | W82: =SUM(U82+V82) -> 76130646 | X82: =SUM(D82*2)+(E82*2)+(F82*6*2)+(G82*H82*2) -> 161350000
B83: 52 | C83: Wedomartani | D83: =$H$11 -> 4275000 | E83: =$H$12 -> 3300000 | F83: =$H$13 -> 3000000 | G83: =$H$14 -> 2900000 | H83: 25 | I83: =D83*12 -> 51300000 | J83: =E83*12 -> 39600000 | K83: =F83*6*12 -> 216000000 | L83: =G83*H83*12 -> 870000000 | M83: =SUM(I83:L83) -> 1176900000 | N83: =$E$135*$E$137 -> 104976 | O83: =N83*8 -> 839808 | P83: =O83*12 -> 10077696 | Q83: =SUM(D83*$E$143)*12 -> 3201120 | R83: =SUM(E83*$E$143)*12 -> 2471040 | S83: =SUM(F83*$E$143*6)*12 -> 13478400 | T83: =SUM(G83*$E$143*H83)*12 -> 54288000 | U83: =SUM(Q83:T83) -> 73438560 | V83: =SUM($E$135*$E$143*8)*12 -> 15721206 | W83: =SUM(U83+V83) -> 89159766 | X83: =SUM(D83*2)+(E83*2)+(F83*6*2)+(G83*H83*2) -> 196150000
B84: 53 | C84: Umbulmartani | D84: =$H$11 -> 4275000 | E84: =$H$12 -> 3300000 | F84: =$H$13 -> 3000000 | G84: =$H$14 -> 2900000 | H84: 15 | I84: =D84*12 -> 51300000 | J84: =E84*12 -> 39600000 | K84: =F84*6*12 -> 216000000 | L84: =G84*H84*12 -> 522000000 | M84: =SUM(I84:L84) -> 828900000 | N84: =$E$135*$E$137 -> 104976 | O84: =N84*8 -> 839808 | P84: =O84*12 -> 10077696 | Q84: =SUM(D84*$E$143)*12 -> 3201120 | R84: =SUM(E84*$E$143)*12 -> 2471040 | S84: =SUM(F84*$E$143*6)*12 -> 13478400 | T84: =SUM(G84*$E$143*H84)*12 -> 32572800 | U84: =SUM(Q84:T84) -> 51723360 | V84: =SUM($E$135*$E$143*8)*12 -> 15721206 | W84: =SUM(U84+V84) -> 67444566 | X84: =SUM(D84*2)+(E84*2)+(F84*6*2)+(G84*H84*2) -> 138150000
B85: XII. | C85: NGAGLIK
B86: 54 | C86: Sariharjo | D86: =$H$11 -> 4275000 | E86: =$H$12 -> 3300000 | F86: =$H$13 -> 3000000 | G86: =$H$14 -> 2900000 | H86: 16 | I86: =D86*12 -> 51300000 | J86: =E86*12 -> 39600000 | K86: =F86*6*12 -> 216000000 | L86: =G86*H86*12 -> 556800000 | M86: =SUM(I86:L86) -> 863700000 | N86: =$E$135*$E$137 -> 104976 | O86: =N86*8 -> 839808 | P86: =O86*12 -> 10077696 | Q86: =SUM(D86*$E$143)*12 -> 3201120 | R86: =SUM(E86*$E$143)*12 -> 2471040 | S86: =SUM(F86*$E$143*6)*12 -> 13478400 | T86: =SUM(G86*$E$143*H86)*12 -> 34744320 | U86: =SUM(Q86:T86) -> 53894880 | V86: =SUM($E$135*$E$143*8)*12 -> 15721206 | W86: =SUM(U86+V86) -> 69616086 | X86: =SUM(D86*2)+(E86*2)+(F86*6*2)+(G86*H86*2) -> 143950000
B87: 55 | C87: Minomartani | D87: =$H$11 -> 4275000 | E87: =$H$12 -> 3300000 | F87: =$H$13 -> 3000000 | G87: =$H$14 -> 2900000 | H87: 6 | I87: =D87*12 -> 51300000 | J87: =E87*12 -> 39600000 | K87: =F87*6*12 -> 216000000 | L87: =G87*H87*12 -> 208800000 | M87: =SUM(I87:L87) -> 515700000 | N87: =$E$135*$E$137 -> 104976 | O87: =N87*8 -> 839808 | P87: =O87*12 -> 10077696 | Q87: =SUM(D87*$E$143)*12 -> 3201120 | R87: =SUM(E87*$E$143)*12 -> 2471040 | S87: =SUM(F87*$E$143*6)*12 -> 13478400 | T87: =SUM(G87*$E$143*H87)*12 -> 13029120 | U87: =SUM(Q87:T87) -> 32179680 | V87: =SUM($E$135*$E$143*8)*12 -> 15721206 | W87: =SUM(U87+V87) -> 47900886 | X87: =SUM(D87*2)+(E87*2)+(F87*6*2)+(G87*H87*2) -> 85950000
B88: 56 | C88: Sinduharjo | D88: =$H$11 -> 4275000 | E88: =$H$12 -> 3300000 | F88: =$H$13 -> 3000000 | G88: =$H$14 -> 2900000 | H88: 17 | I88: =D88*12 -> 51300000 | J88: =E88*12 -> 39600000 | K88: =F88*6*12 -> 216000000 | L88: =G88*H88*12 -> 591600000 | M88: =SUM(I88:L88) -> 898500000 | N88: =$E$135*$E$137 -> 104976 | O88: =N88*8 -> 839808 | P88: =O88*12 -> 10077696 | Q88: =SUM(D88*$E$143)*12 -> 3201120 | R88: =SUM(E88*$E$143)*12 -> 2471040 | S88: =SUM(F88*$E$143*6)*12 -> 13478400 | T88: =SUM(G88*$E$143*H88)*12 -> 36915840 | U88: =SUM(Q88:T88) -> 56066400 | V88: =SUM($E$135*$E$143*8)*12 -> 15721206 | W88: =SUM(U88+V88) -> 71787606 | X88: =SUM(D88*2)+(E88*2)+(F88*6*2)+(G88*H88*2) -> 149750000
B89: 57 | C89: Sukoharjo | D89: =$H$11 -> 4275000 | E89: =$H$12 -> 3300000 | F89: =$H$13 -> 3000000 | G89: =$H$14 -> 2900000 | H89: 14 | I89: =D89*12 -> 51300000 | J89: =E89*12 -> 39600000 | K89: =F89*6*12 -> 216000000 | L89: =G89*H89*12 -> 487200000 | M89: =SUM(I89:L89) -> 794100000 | N89: =$E$135*$E$137 -> 104976 | O89: =N89*8 -> 839808 | P89: =O89*12 -> 10077696 | Q89: =SUM(D89*$E$143)*12 -> 3201120 | R89: =SUM(E89*$E$143)*12 -> 2471040 | S89: =SUM(F89*$E$143*6)*12 -> 13478400 | T89: =SUM(G89*$E$143*H89)*12 -> 30401280 | U89: =SUM(Q89:T89) -> 49551840 | V89: =SUM($E$135*$E$143*8)*12 -> 15721206 | W89: =SUM(U89+V89) -> 65273046 | X89: =SUM(D89*2)+(E89*2)+(F89*6*2)+(G89*H89*2) -> 132350000
B90: 58 | C90: Sardonoharjo | D90: =$H$11 -> 4275000 | E90: =$H$12 -> 3300000 | F90: =$H$13 -> 3000000 | G90: =$H$14 -> 2900000 | H90: 18 | I90: =D90*12 -> 51300000 | J90: =E90*12 -> 39600000 | K90: =F90*6*12 -> 216000000 | L90: =G90*H90*12 -> 626400000 | M90: =SUM(I90:L90) -> 933300000 | N90: =$E$135*$E$137 -> 104976 | O90: =N90*8 -> 839808 | P90: =O90*12 -> 10077696 | Q90: =SUM(D90*$E$143)*12 -> 3201120 | R90: =SUM(E90*$E$143)*12 -> 2471040 | S90: =SUM(F90*$E$143*6)*12 -> 13478400 | T90: =SUM(G90*$E$143*H90)*12 -> 39087360 | U90: =SUM(Q90:T90) -> 58237920 | V90: =SUM($E$135*$E$143*8)*12 -> 15721206 | W90: =SUM(U90+V90) -> 73959126 | X90: =SUM(D90*2)+(E90*2)+(F90*6*2)+(G90*H90*2) -> 155550000
B91: 59 | C91: Donoharjo | D91: =$H$11 -> 4275000 | E91: =$H$12 -> 3300000 | F91: =$H$13 -> 3000000 | G91: =$H$14 -> 2900000 | H91: 16 | I91: =D91*12 -> 51300000 | J91: =E91*12 -> 39600000 | K91: =F91*6*12 -> 216000000 | L91: =G91*H91*12 -> 556800000 | M91: =SUM(I91:L91) -> 863700000 | N91: =$E$135*$E$137 -> 104976 | O91: =N91*8 -> 839808 | P91: =O91*12 -> 10077696 | Q91: =SUM(D91*$E$143)*12 -> 3201120 | R91: =SUM(E91*$E$143)*12 -> 2471040 | S91: =SUM(F91*$E$143*6)*12 -> 13478400 | T91: =SUM(G91*$E$143*H91)*12 -> 34744320 | U91: =SUM(Q91:T91) -> 53894880 | V91: =SUM($E$135*$E$143*8)*12 -> 15721206 | W91: =SUM(U91+V91) -> 69616086 | X91: =SUM(D91*2)+(E91*2)+(F91*6*2)+(G91*H91*2) -> 143950000
B92: XIII. | C92: SLEMAN
B93: 60 | C93: Caturharjo | D93: =$H$11 -> 4275000 | E93: =$H$12 -> 3300000 | F93: =$H$13 -> 3000000 | G93: =$H$14 -> 2900000 | H93: 20 | I93: =D93*12 -> 51300000 | J93: =E93*12 -> 39600000 | K93: =F93*6*12 -> 216000000 | L93: =G93*H93*12 -> 696000000 | M93: =SUM(I93:L93) -> 1002900000 | N93: =$E$135*$E$137 -> 104976 | O93: =N93*8 -> 839808 | P93: =O93*12 -> 10077696 | Q93: =SUM(D93*$E$143)*12 -> 3201120 | R93: =SUM(E93*$E$143)*12 -> 2471040 | S93: =SUM(F93*$E$143*6)*12 -> 13478400 | T93: =SUM(G93*$E$143*H93)*12 -> 43430400 | U93: =SUM(Q93:T93) -> 62580960 | V93: =SUM($E$135*$E$143*8)*12 -> 15721206 | W93: =SUM(U93+V93) -> 78302166 | X93: =SUM(D93*2)+(E93*2)+(F93*6*2)+(G93*H93*2) -> 167150000
B94: 61 | C94: Triharjo | D94: =$H$11 -> 4275000 | E94: =$H$12 -> 3300000 | F94: =$H$13 -> 3000000 | G94: =$H$14 -> 2900000 | H94: 12 | I94: =D94*12 -> 51300000 | J94: =E94*12 -> 39600000 | K94: =F94*6*12 -> 216000000 | L94: =G94*H94*12 -> 417600000 | M94: =SUM(I94:L94) -> 724500000 | N94: =$E$135*$E$137 -> 104976 | O94: =N94*8 -> 839808 | P94: =O94*12 -> 10077696 | Q94: =SUM(D94*$E$143)*12 -> 3201120 | R94: =SUM(E94*$E$143)*12 -> 2471040 | S94: =SUM(F94*$E$143*6)*12 -> 13478400 | T94: =SUM(G94*$E$143*H94)*12 -> 26058240 | U94: =SUM(Q94:T94) -> 45208800 | V94: =SUM($E$135*$E$143*8)*12 -> 15721206 | W94: =SUM(U94+V94) -> 60930006 | X94: =SUM(D94*2)+(E94*2)+(F94*6*2)+(G94*H94*2) -> 120750000
B95: 62 | C95: Tridadi | D95: =$H$11 -> 4275000 | E95: =$H$12 -> 3300000 | F95: =$H$13 -> 3000000 | G95: =$H$14 -> 2900000 | H95: 15 | I95: =D95*12 -> 51300000 | J95: =E95*12 -> 39600000 | K95: =F95*6*12 -> 216000000 | L95: =G95*H95*12 -> 522000000 | M95: =SUM(I95:L95) -> 828900000 | N95: =$E$135*$E$137 -> 104976 | O95: =N95*8 -> 839808 | P95: =O95*12 -> 10077696 | Q95: =SUM(D95*$E$143)*12 -> 3201120 | R95: =SUM(E95*$E$143)*12 -> 2471040 | S95: =SUM(F95*$E$143*6)*12 -> 13478400 | T95: =SUM(G95*$E$143*H95)*12 -> 32572800 | U95: =SUM(Q95:T95) -> 51723360 | V95: =SUM($E$135*$E$143*8)*12 -> 15721206 | W95: =SUM(U95+V95) -> 67444566 | X95: =SUM(D95*2)+(E95*2)+(F95*6*2)+(G95*H95*2) -> 138150000
B96: 63 | C96: Pandowoharjo | D96: =$H$11 -> 4275000 | E96: =$H$12 -> 3300000 | F96: =$H$13 -> 3000000 | G96: =$H$14 -> 2900000 | H96: 22 | I96: =D96*12 -> 51300000 | J96: =E96*12 -> 39600000 | K96: =F96*6*12 -> 216000000 | L96: =G96*H96*12 -> 765600000 | M96: =SUM(I96:L96) -> 1072500000 | N96: =$E$135*$E$137 -> 104976 | O96: =N96*8 -> 839808 | P96: =O96*12 -> 10077696 | Q96: =SUM(D96*$E$143)*12 -> 3201120 | R96: =SUM(E96*$E$143)*12 -> 2471040 | S96: =SUM(F96*$E$143*6)*12 -> 13478400 | T96: =SUM(G96*$E$143*H96)*12 -> 47773440 | U96: =SUM(Q96:T96) -> 66924000 | V96: =SUM($E$135*$E$143*8)*12 -> 15721206 | W96: =SUM(U96+V96) -> 82645206 | X96: =SUM(D96*2)+(E96*2)+(F96*6*2)+(G96*H96*2) -> 178750000
B97: 64 | C97: Trimulyo | D97: =$H$11 -> 4275000 | E97: =$H$12 -> 3300000 | F97: =$H$13 -> 3000000 | G97: =$H$14 -> 2900000 | H97: 14 | I97: =D97*12 -> 51300000 | J97: =E97*12 -> 39600000 | K97: =F97*6*12 -> 216000000 | L97: =G97*H97*12 -> 487200000 | M97: =SUM(I97:L97) -> 794100000 | N97: =$E$135*$E$137 -> 104976 | O97: =N97*8 -> 839808 | P97: =O97*12 -> 10077696 | Q97: =SUM(D97*$E$143)*12 -> 3201120 | R97: =SUM(E97*$E$143)*12 -> 2471040 | S97: =SUM(F97*$E$143*6)*12 -> 13478400 | T97: =SUM(G97*$E$143*H97)*12 -> 30401280 | U97: =SUM(Q97:T97) -> 49551840 | V97: =SUM($E$135*$E$143*8)*12 -> 15721206 | W97: =SUM(U97+V97) -> 65273046 | X97: =SUM(D97*2)+(E97*2)+(F97*6*2)+(G97*H97*2) -> 132350000
B98: XIV. | C98: TEMPEL
B99: 65 | C99: Banyurejo | D99: =$H$11 -> 4275000 | E99: =$H$12 -> 3300000 | F99: =$H$13 -> 3000000 | G99: =$H$14 -> 2900000 | H99: 14 | I99: =D99*12 -> 51300000 | J99: =E99*12 -> 39600000 | K99: =F99*6*12 -> 216000000 | L99: =G99*H99*12 -> 487200000 | M99: =SUM(I99:L99) -> 794100000 | N99: =$E$135*$E$137 -> 104976 | O99: =N99*8 -> 839808 | P99: =O99*12 -> 10077696 | Q99: =SUM(D99*$E$143)*12 -> 3201120 | R99: =SUM(E99*$E$143)*12 -> 2471040 | S99: =SUM(F99*$E$143*6)*12 -> 13478400 | T99: =SUM(G99*$E$143*H99)*12 -> 30401280 | U99: =SUM(Q99:T99) -> 49551840 | V99: =SUM($E$135*$E$143*8)*12 -> 15721206 | W99: =SUM(U99+V99) -> 65273046 | X99: =SUM(D99*2)+(E99*2)+(F99*6*2)+(G99*H99*2) -> 132350000
B100: 66 | C100: Tambakrejo | D100: =$H$11 -> 4275000 | E100: =$H$12 -> 3300000 | F100: =$H$13 -> 3000000 | G100: =$H$14 -> 2900000 | H100: 11 | I100: =D100*12 -> 51300000 | J100: =E100*12 -> 39600000 | K100: =F100*6*12 -> 216000000 | L100: =G100*H100*12 -> 382800000 | M100: =SUM(I100:L100) -> 689700000 | N100: =$E$135*$E$137 -> 104976 | O100: =N100*8 -> 839808 | P100: =O100*12 -> 10077696 | Q100: =SUM(D100*$E$143)*12 -> 3201120 | R100: =SUM(E100*$E$143)*12 -> 2471040 | S100: =SUM(F100*$E$143*6)*12 -> 13478400 | T100: =SUM(G100*$E$143*H100)*12 -> 23886720 | U100: =SUM(Q100:T100) -> 43037280 | V100: =SUM($E$135*$E$143*8)*12 -> 15721206 | W100: =SUM(U100+V100) -> 58758486 | X100: =SUM(D100*2)+(E100*2)+(F100*6*2)+(G100*H100*2) -> 114950000
B101: 67 | C101: Sumberrejo | D101: =$H$11 -> 4275000 | E101: =$H$12 -> 3300000 | F101: =$H$13 -> 3000000 | G101: =$H$14 -> 2900000 | H101: 10 | I101: =D101*12 -> 51300000 | J101: =E101*12 -> 39600000 | K101: =F101*6*12 -> 216000000 | L101: =G101*H101*12 -> 348000000 | M101: =SUM(I101:L101) -> 654900000 | N101: =$E$135*$E$137 -> 104976 | O101: =N101*8 -> 839808 | P101: =O101*12 -> 10077696 | Q101: =SUM(D101*$E$143)*12 -> 3201120 | R101: =SUM(E101*$E$143)*12 -> 2471040 | S101: =SUM(F101*$E$143*6)*12 -> 13478400 | T101: =SUM(G101*$E$143*H101)*12 -> 21715200 | U101: =SUM(Q101:T101) -> 40865760 | V101: =SUM($E$135*$E$143*8)*12 -> 15721206 | W101: =SUM(U101+V101) -> 56586966 | X101: =SUM(D101*2)+(E101*2)+(F101*6*2)+(G101*H101*2) -> 109150000
B102: 68 | C102: Pondokrejo | D102: =$H$11 -> 4275000 | E102: =$H$12 -> 3300000 | F102: =$H$13 -> 3000000 | G102: =$H$14 -> 2900000 | H102: 9 | I102: =D102*12 -> 51300000 | J102: =E102*12 -> 39600000 | K102: =F102*6*12 -> 216000000 | L102: =G102*H102*12 -> 313200000 | M102: =SUM(I102:L102) -> 620100000 | N102: =$E$135*$E$137 -> 104976 | O102: =N102*8 -> 839808 | P102: =O102*12 -> 10077696 | Q102: =SUM(D102*$E$143)*12 -> 3201120 | R102: =SUM(E102*$E$143)*12 -> 2471040 | S102: =SUM(F102*$E$143*6)*12 -> 13478400 | T102: =SUM(G102*$E$143*H102)*12 -> 19543680 | U102: =SUM(Q102:T102) -> 38694240 | V102: =SUM($E$135*$E$143*8)*12 -> 15721206 | W102: =SUM(U102+V102) -> 54415446 | X102: =SUM(D102*2)+(E102*2)+(F102*6*2)+(G102*H102*2) -> 103350000
B103: 69 | C103: Mororejo | D103: =$H$11 -> 4275000 | E103: =$H$12 -> 3300000 | F103: =$H$13 -> 3000000 | G103: =$H$14 -> 2900000 | H103: 13 | I103: =D103*12 -> 51300000 | J103: =E103*12 -> 39600000 | K103: =F103*6*12 -> 216000000 | L103: =G103*H103*12 -> 452400000 | M103: =SUM(I103:L103) -> 759300000 | N103: =$E$135*$E$137 -> 104976 | O103: =N103*8 -> 839808 | P103: =O103*12 -> 10077696 | Q103: =SUM(D103*$E$143)*12 -> 3201120 | R103: =SUM(E103*$E$143)*12 -> 2471040 | S103: =SUM(F103*$E$143*6)*12 -> 13478400 | T103: =SUM(G103*$E$143*H103)*12 -> 28229760 | U103: =SUM(Q103:T103) -> 47380320 | V103: =SUM($E$135*$E$143*8)*12 -> 15721206 | W103: =SUM(U103+V103) -> 63101526 | X103: =SUM(D103*2)+(E103*2)+(F103*6*2)+(G103*H103*2) -> 126550000
B104: 70 | C104: Margorejo | D104: =$H$11 -> 4275000 | E104: =$H$12 -> 3300000 | F104: =$H$13 -> 3000000 | G104: =$H$14 -> 2900000 | H104: 14 | I104: =D104*12 -> 51300000 | J104: =E104*12 -> 39600000 | K104: =F104*6*12 -> 216000000 | L104: =G104*H104*12 -> 487200000 | M104: =SUM(I104:L104) -> 794100000 | N104: =$E$135*$E$137 -> 104976 | O104: =N104*8 -> 839808 | P104: =O104*12 -> 10077696 | Q104: =SUM(D104*$E$143)*12 -> 3201120 | R104: =SUM(E104*$E$143)*12 -> 2471040 | S104: =SUM(F104*$E$143*6)*12 -> 13478400 | T104: =SUM(G104*$E$143*H104)*12 -> 30401280 | U104: =SUM(Q104:T104) -> 49551840 | V104: =SUM($E$135*$E$143*8)*12 -> 15721206 | W104: =SUM(U104+V104) -> 65273046 | X104: =SUM(D104*2)+(E104*2)+(F104*6*2)+(G104*H104*2) -> 132350000
B105: 71 | C105: Lumbungrejo | D105: =$H$11 -> 4275000 | E105: =$H$12 -> 3300000 | F105: =$H$13 -> 3000000 | G105: =$H$14 -> 2900000 | H105: 10 | I105: =D105*12 -> 51300000 | J105: =E105*12 -> 39600000 | K105: =F105*6*12 -> 216000000 | L105: =G105*H105*12 -> 348000000 | M105: =SUM(I105:L105) -> 654900000 | N105: =$E$135*$E$137 -> 104976 | O105: =N105*8 -> 839808 | P105: =O105*12 -> 10077696 | Q105: =SUM(D105*$E$143)*12 -> 3201120 | R105: =SUM(E105*$E$143)*12 -> 2471040 | S105: =SUM(F105*$E$143*6)*12 -> 13478400 | T105: =SUM(G105*$E$143*H105)*12 -> 21715200 | U105: =SUM(Q105:T105) -> 40865760 | V105: =SUM($E$135*$E$143*8)*12 -> 15721206 | W105: =SUM(U105+V105) -> 56586966 | X105: =SUM(D105*2)+(E105*2)+(F105*6*2)+(G105*H105*2) -> 109150000
...

Sheet hitung kewenangan kegiatan
B1: TABEL HITUNG BESARAN ALOKASI DANA DESA KEWENANGAN KEGIATAN TAHUN 2026
B3: NO. | C3: KAPANEWON/KALURAHAN | E3: JML PADUKUHAN | G3: PENDUDUK MISKIN | I3: LUAS WILAYAH | K3: JUMLAH PENDUDUK | M3: INDEKS KSLTN GEO. | O3: BESARAN ADD KEWENANGAN KEGIATAN | P3: BESARAN ADD (Pembulatan)
D4: BOBOT | E4: BVJPad | F4: 0.3 | G4: BVPM | H4: 0.2 | I4: BVLW | J4: 0.2 | K4: BVJP | L4: 0.2 | M4: BVIKG | N4: 0.1
E5: PADUKUHAN | F5: KVJPad | G5: ORANG | H5: KVPM | I5: Ha | J5: KVLW | K5: JIWA | L5: KVJP | M5: Indeks | N5: KVIKG
B6: I. | C6: GAMPING
B7: 1 | C7: Balecatur | D7: =SUM((F7*$F$4)+(H7*$H$4)+($J$4*J7)+($L$4*L7)+($N$4*N7)) -> 0.015631758 | E7: 18 | F7: =E7/$E$126 -> 0.014851485 | G7: 1499 | H7: =G7/$G$126 -> 0.017117343 | I7: 968 | J7: =SUM(I7/I126) -> 0.016982277 | K7: 20830 | L7: =SUM(K7/K126) -> 0.018438034 | M7: 11.413181 | N7: =SUM(M7/M126) -> 0.0066878158 | O7: =D7*$O$129 -> 6.8991944e+08 | P7: =ROUNDUP(O7,0) -> 689919442
B8: 2 | C8: Ambarketawang | D8: =SUM((F8*$F$4)+(H8*$H$4)+($J$4*J8)+($L$4*L8)+($N$4*N8)) -> 0.014098022 | E8: 13 | F8: =E8/$E$126 -> 0.010726073 | G8: 1702 | H8: =G8/$G$126 -> 0.019435436 | I8: 628 | J8: =SUM(I8/I126) -> 0.011017428 | K8: 22918 | L8: =SUM(K8/K126) -> 0.020286263 | M8: 12.498432 | N8: =SUM(M8/M126) -> 0.0073237439 | O8: =D8*$O$129 -> 6.2222682e+08 | P8: =ROUNDUP(O8,0) -> 622226824
B9: 3 | C9: Banyuraden | D9: =SUM((F9*$F$4)+(H9*$H$4)+($J$4*J9)+($L$4*L9)+($N$4*N9)) -> 0.01022593 | E9: 8 | F9: =E9/$E$126 -> 0.0066006601 | G9: 1385 | H9: =G9/$G$126 -> 0.015815557 | I9: 400 | J9: =SUM(I9/I126) -> 0.00701747 | K9: 16661 | L9: =SUM(K9/K126) -> 0.014747772 | M9: 12.450611 | N9: =SUM(M9/M126) -> 0.0072957218 | O9: =D9*$O$129 -> 4.5132914e+08 | P9: =ROUNDUP(O9,0) -> 451329140
B10: 4 | C10: Nogotirto | D10: =SUM((F10*$F$4)+(H10*$H$4)+($J$4*J10)+($L$4*L10)+($N$4*N10)) -> 0.0099837671 | E10: 8 | F10: =E10/$E$126 -> 0.0066006601 | G10: 1295 | H10: =G10/$G$126 -> 0.014787832 | I10: 349 | J10: =SUM(I10/I126) -> 0.0061227426 | K10: 18613 | L10: =SUM(K10/K126) -> 0.016475618 | M10: 8.9821654 | N10: =SUM(M10/M126) -> 0.0052633064 | O10: =D10*$O$129 -> 4.406411e+08 | P10: =ROUNDUP(O10,0) -> 440641099
B11: 5 | C11: Trihanggo | D11: =SUM((F11*$F$4)+(H11*$H$4)+($J$4*J11)+($L$4*L11)+($N$4*N11)) -> 0.012441446 | E11: 12 | F11: =E11/$E$126 -> 0.0099009901 | G11: 1498 | H11: =G11/$G$126 -> 0.017105924 | I11: 562 | J11: =SUM(I11/I126) -> 0.0098595453 | K11: 18729 | L11: =SUM(K11/K126) -> 0.016578297 | M11: 13.010768 | N11: =SUM(M11/M126) -> 0.007623959 | O11: =D11*$O$129 -> 5.4911263e+08 | P11: =ROUNDUP(O11,0) -> 549112626
C12: JUMLAH | D12: =SUM(D7:D11) -> 0.062380923 | E12: =SUM(E7:E11) -> 59 | F12: =SUM(F7:F11) -> 0.048679868 | G12: =SUM(G7:G11) -> 7379 | H12: =SUM(H7:H11) -> 0.084262093 | I12: =SUM(I7:I11) -> 2907 | J12: =SUM(J7:J11) -> 0.050999463 | K12: =SUM(K7:K11) -> 97751 | ... P12: =SUM(P7:P11) -> 2753229131 | U12: =SUM(T7:T11) -> 0
B13: II. | C13: GODEAN
B14: 6 | C14: Sidorejo | D14: =SUM((F14*$F$4)+(H14*$H$4)+($J$4*J14)+($L$4*L14)+($N$4*N14)) -> 0.0097406697 | E14: 13 | F14: =E14/$E$126 -> 0.010726073 | G14: 886 | H14: =G14/$G$126 -> 0.010117389 | I14: 508 | J14: =SUM(I14/I126) -> 0.0089121869 | K14: 7091 | L14: =SUM(K14/K126) -> 0.006276721 | M14: 24.942933 | N14: =SUM(M14/M126) -> 0.014615885 | O14: =D14*$O$129 -> 4.2991181e+08 | P14: =ROUNDUP(O14,0) -> 429911810
B15: 7 | C15: Sidoluhur | D15: =SUM((F15*$F$4)+(H15*$H$4)+($J$4*J15)+($L$4*L15)+($N$4*N15)) -> 0.010806023 | E15: 15 | F15: =E15/$E$126 -> 0.012376238 | G15: 999 | H15: =G15/$G$126 -> 0.011407756 | I15: 489 | J15: =SUM(I15/I126) -> 0.0085788571 | K15: 10258 | L15: =SUM(K15/K126) -> 0.0090800457 | M15: 21.840941 | N15: =SUM(M15/M126) -> 0.012798201 | O15: =D15*$O$129 -> 4.7693199e+08 | P15: =ROUNDUP(O15,0) -> 476931989
B16: 8 | C16: Sidomulyo | D16: =SUM((F16*$F$4)+(H16*$H$4)+($J$4*J16)+($L$4*L16)+($N$4*N16)) -> 0.0067255449 | E16: 8 | F16: =E16/$E$126 -> 0.0066006601 | G16: 532 | H16: =G16/$G$126 -> 0.0060750011 | I16: 273.5 | J16: =SUM(I16/I126) -> 0.0047981951 | K16: 6614 | L16: =SUM(K16/K126) -> 0.0058544962 | M16: 23.888616 | N16: =SUM(M16/M126) -> 0.013998084 | O16: =D16*$O$129 -> 2.96837e+08 | P16: =ROUNDUP(O16,0) -> 296837003
B17: 9 | C17: Sidoagung | D17: =SUM((F17*$F$4)+(H17*$H$4)+($J$4*J17)+($L$4*L17)+($N$4*N17)) -> 0.0079817428 | E17: 8 | F17: =E17/$E$126 -> 0.0066006601 | G17: 908 | H17: =G17/$G$126 -> 0.010368611 | I17: 301.2 | J17: =SUM(I17/I126) -> 0.0052841549 | K17: 9802 | L17: =SUM(K17/K126) -> 0.0086764094 | M17: 19.381605 | N17: =SUM(M17/M126) -> 0.011357097 | O17: =D17*$O$129 -> 3.5228024e+08 | P17: =ROUNDUP(O17,0) -> 352280244
B18: 10 | C18: Sidokarto | D18: =SUM((F18*$F$4)+(H18*$H$4)+($J$4*J18)+($L$4*L18)+($N$4*N18)) -> 0.010702007 | E18: 14 | F18: =E18/$E$126 -> 0.011551155 | G18: 1259 | H18: =G18/$G$126 -> 0.014376741 | I18: 364 | J18: =SUM(I18/I126) -> 0.0063858977 | K18: 12525 | L18: =SUM(K18/K126) -> 0.01108672 | M18: 14.792298 | N18: =SUM(M18/M126) -> 0.008667887 | O18: =D18*$O$129 -> 4.7234116e+08 | P18: =ROUNDUP(O18,0) -> 472341159
B19: 11 | C19: Sidoarum | D19: =SUM((F19*$F$4)+(H19*$H$4)+($J$4*J19)+($L$4*L19)+($N$4*N19)) -> 0.010701473 | E19: 8 | F19: =E19/$E$126 -> 0.0066006601 | G19: 1516 | H19: =G19/$G$126 -> 0.017311469 | I19: 341.4 | J19: =SUM(I19/I126) -> 0.0059894106 | K19: 17421 | L19: =SUM(K19/K126) -> 0.015420499 | M19: 16.673118 | N19: =SUM(M19/M126) -> 0.0097699973 | O19: =D19*$O$129 -> 4.7231761e+08 | P19: =ROUNDUP(O19,0) -> 472317611
B20: 12 | C20: Sidomoyo | D20: =SUM((F20*$F$4)+(H20*$H$4)+($J$4*J20)+($L$4*L20)+($N$4*N20)) -> 0.0085469398 | E20: 11 | F20: =E20/$E$126 -> 0.0090759076 | G20: 770 | H20: =G20/$G$126 -> 0.0087927648 | I20: 275.5 | J20: =SUM(I20/I126) -> 0.0048332825 | K20: 9174 | L20: =SUM(K20/K126) -> 0.0081205244 | M20: 25.169304 | N20: =SUM(M20/M126) -> 0.014748532 | O20: =D20*$O$129 -> 3.7722564e+08 | P20: =ROUNDUP(O20,0) -> 377225642
C21: JUMLAH | D21: =SUM(D14:D20) -> 0.065204401 | E21: =SUM(E14:E20) -> 77 | F21: =SUM(F14:F20) -> 0.063531353 | G21: =SUM(G14:G20) -> 6870 | H21: =SUM(H14:H20) -> 0.078449733 | I21: =SUM(I14:I20) -> 2552.6 | J21: =SUM(J14:J20) -> 0.044781985 | K21: =SUM(K14:K20) -> 72885 | ... P21: =SUM(P14:P20) -> 2877845458
B22: III. | C22: MOYUDAN
B23: 13 | C23: Sumberrrahayu | D23: =SUM((F23*$F$4)+(H23*$H$4)+($J$4*J23)+($L$4*L23)+($N$4*N23)) -> 0.01004181 | E23: 15 | F23: =E23/$E$126 -> 0.012376238 | G23: 586 | H23: =G23/$G$126 -> 0.0066916366 | I23: 631 | J23: =SUM(I23/I126) -> 0.011070059 | K23: 6663 | L23: =SUM(K23/K126) -> 0.0058978694 | M23: 27.254248 | N23: =SUM(M23/M126) -> 0.015970253 | O23: =D23*$O$129 -> 4.4320285e+08 | P23: =ROUNDUP(O23,0) -> 443202847
B24: 14 | C24: Sumbersari | D24: =SUM((F24*$F$4)+(H24*$H$4)+($J$4*J24)+($L$4*L24)+($N$4*N24)) -> 0.009858692 | E24: 13 | F24: =E24/$E$126 -> 0.010726073 | G24: 793 | H24: =G24/$G$126 -> 0.0090554058 | I24: 546 | J24: =SUM(I24/I126) -> 0.0095788465 | K24: 8291 | L24: =SUM(K24/K126) -> 0.0073389217 | M24: 24.680922 | N24: =SUM(M24/M126) -> 0.014462354 | O24: =D24*$O$129 -> 4.3512081e+08 | P24: =ROUNDUP(O24,0) -> 435120813
B25: 15 | C25: Sumberagung | D25: =SUM((F25*$F$4)+(H25*$H$4)+($J$4*J25)+($L$4*L25)+($N$4*N25)) -> 0.013880821 | E25: 21 | F25: =E25/$E$126 -> 0.017326733 | G25: 1073 | H25: =G25/$G$126 -> 0.012252775 | I25: 820 | J25: =SUM(I25/I126) -> 0.014385813 | K25: 11855 | L25: =SUM(K25/K126) -> 0.010493658 | M25: 21.44044 | N25: =SUM(M25/M126) -> 0.012563519 | O25: =D25*$O$129 -> 612640508 | P25: =ROUNDUP(O25,0) -> 612640508
B26: 16 | C26: Sumberarum | D26: =SUM((F26*$F$4)+(H26*$H$4)+($J$4*J26)+($L$4*L26)+($N$4*N26)) -> 0.011054824 | E26: 16 | F26: =E26/$E$126 -> 0.01320132 | G26: 747 | H26: =G26/$G$126 -> 0.0085301238 | I26: 765 | J26: =SUM(I26/I126) -> 0.013420911 | K26: 7175 | L26: =SUM(K26/K126) -> 0.006351075 | M26: 24.472223 | N26: =SUM(M26/M126) -> 0.014340062 | O26: =D26*$O$129 -> 4.8791301e+08 | P26: =ROUNDUP(O26,0) -> 487913013
C27: JUMLAH | D27: =SUM(D23:D26) -> 0.044836147 | E27: =SUM(E23:E26) -> 65 | F27: =SUM(F23:F26) -> 0.053630363 | G27: =SUM(G23:G26) -> 3199 | H27: =SUM(H23:H26) -> 0.036529941 | I27: =SUM(I23:I26) -> 2762 | J27: =SUM(J23:J26) -> 0.04845563 | K27: =SUM(K23:K26) -> 33984 | ... P27: =SUM(P23:P26) -> 1978877181
B28: IV. | C28: MINGGIR
B29: 17 | C29: Sendangarum | D29: =SUM((F29*$F$4)+(H29*$H$4)+($J$4*J29)+($L$4*L29)+($N$4*N29)) -> 0.0056173347 | E29: 9 | F29: =E29/$E$126 -> 0.0074257426 | G29: 300 | H29: =G29/$G$126 -> 0.0034257525 | I29: 345 | J29: =SUM(I29/I126) -> 0.0060525679 | K29: 3635 | L29: =SUM(K29/K126) -> 0.003217583 | M29: 14.513147 | N29: =SUM(M29/M126) -> 0.0085043121 | O29: =D29*$O$129 -> 2.4792531e+08 | P29: =ROUNDUP(O29,0) -> 247925306
B30: 18 | C30: Sendangmulyo | D30: =SUM((F30*$F$4)+(H30*$H$4)+($J$4*J30)+($L$4*L30)+($N$4*N30)) -> 0.010810898 | E30: 16 | F30: =E30/$E$126 -> 0.01320132 | G30: 960 | H30: =G30/$G$126 -> 0.010962408 | I30: 670 | J30: =SUM(I30/I126) -> 0.011754262 | K30: 7025 | L30: =SUM(K30/K126) -> 0.0062182999 | M30: 18.149443 | N30: =SUM(M30/M126) -> 0.010635083 | O30: =D30*$O$129 -> 4.7714716e+08 | P30: =ROUNDUP(O30,0) -> 477147163
B31: 19 | C31: Sendangagung | D31: =SUM((F31*$F$4)+(H31*$H$4)+($J$4*J31)+($L$4*L31)+($N$4*N31)) -> 0.011377209 | E31: 15 | F31: =E31/$E$126 -> 0.012376238 | G31: 1150 | H31: =G31/$G$126 -> 0.013132051 | I31: 656 | J31: =SUM(I31/I126) -> 0.011508651 | K31: 8255 | L31: =SUM(K31/K126) -> 0.0073070557 | M31: 21.755039 | N31: =SUM(M31/M126) -> 0.012747866 | O31: =D31*$O$129 -> 5.0214172e+08 | P31: =ROUNDUP(O31,0) -> 502141725
B32: 20 | C32: Sendangsari | D32: =SUM((F32*$F$4)+(H32*$H$4)+($J$4*J32)+($L$4*L32)+($N$4*N32)) -> 0.0083830795 | E32: 12 | F32: =E32/$E$126 -> 0.0099009901 | G32: 640 | H32: =G32/$G$126 -> 0.0073082721 | I32: 458 | J32: =SUM(I32/I126) -> 0.0080350031 | K32: 5158 | L32: =SUM(K32/K126) -> 0.0045656927 | M32: 24.420731 | N32: =SUM(M32/M126) -> 0.014309889 | O32: =D32*$O$129 -> 3.6999354e+08 | P32: =ROUNDUP(O32,0) -> 369993542
B33: 21 | C33: Sendangrejo | D33: =SUM((F33*$F$4)+(H33*$H$4)+($J$4*J33)+($L$4*L33)+($N$4*N33)) -> 0.011292464 | E33: 16 | F33: =E33/$E$126 -> 0.01320132 | G33: 1046 | H33: =G33/$G$126 -> 0.011944457 | I33: 598 | J33: =SUM(I33/I126) -> 0.010491118 | K33: 8759 | L33: =SUM(K33/K126) -> 0.00775318 | M33: 22.08834 | N33: =SUM(M33/M126) -> 0.012943171 | O33: =D33*$O$129 -> 4.9840143e+08 | P33: =ROUNDUP(O33,0) -> 498401426
C34: JUMLAH | D34: =SUM(D29:D33) -> 0.047480986 | E34: =SUM(E29:E33) -> 68 | F34: =SUM(F29:F33) -> 0.056105611 | G34: =SUM(G29:G33) -> 4096 | H34: =SUM(H29:H33) -> 0.046772941 | I34: =SUM(I29:I33) -> 2727 | J34: =SUM(J29:J33) -> 0.047841602 | K34: =SUM(K29:K33) -> 32832 | ... P34: =SUM(P29:P33) -> 2095609162
B35: V. | C35: SEYEGAN
B36: 22 | C36: Margoluwih | D36: =SUM((F36*$F$4)+(H36*$H$4)+($J$4*J36)+($L$4*L36)+($N$4*N36)) -> 0.012121477 | E36: 14 | F36: =E36/$E$126 -> 0.011551155 | G36: 1568 | H36: =G36/$G$126 -> 0.017905267 | I36: 500 | J36: =SUM(I36/I126) -> 0.0087718375 | K36: 11292 | L36: =SUM(K36/K126) -> 0.0099953086 | M36: 22.554765 | N36: =SUM(M36/M126) -> 0.013216483 | O36: =D36*$O$129 -> 5.3499055e+08 | P36: =ROUNDUP(O36,0) -> 534990555
B37: 23 | C37: Margodadi | D37: =SUM((F37*$F$4)+(H37*$H$4)+($J$4*J37)+($L$4*L37)+($N$4*N37)) -> 0.011603802 | E37: 16 | F37: =E37/$E$126 -> 0.01320132 | G37: 1140 | H37: =G37/$G$126 -> 0.01301786 | I37: 611 | J37: =SUM(I37/I126) -> 0.010719185 | K37: 9637 | L37: =SUM(K37/K126) -> 0.0085303568 | M37: 20.306838 | N37: =SUM(M37/M126) -> 0.011899259 | O37: =D37*$O$129 -> 5.1214257e+08 | P37: =ROUNDUP(O37,0) -> 512142572
B38: 24 | C38: Margokaton | D38: =SUM((F38*$F$4)+(H38*$H$4)+($J$4*J38)+($L$4*L38)+($N$4*N38)) -> 0.0096998507 | E38: 12 | F38: =E38/$E$126 -> 0.0099009901 | G38: 891 | H38: =G38/$G$126 -> 0.010174485 | I38: 515 | J38: =SUM(I38/I126) -> 0.0090349926 | K38: 8098 | L38: =SUM(K38/K126) -> 0.0071680844 | M38: 24.814135 | N38: =SUM(M38/M126) -> 0.014540413 | O38: =D38*$O$129 -> 4.2811023e+08 | P38: =ROUNDUP(O38,0) -> 428110234
B39: 25 | C39: Margomulyo | D39: =SUM((F39*$F$4)+(H39*$H$4)+($J$4*J39)+($L$4*L39)+($N$4*N39)) -> 0.012515948 | E39: 13 | F39: =E39/$E$126 -> 0.010726073 | G39: 1675 | H39: =G39/$G$126 -> 0.019127118 | I39: 519 | J39: =SUM(I39/I126) -> 0.0091051673 | K39: 13538 | L39: =SUM(K39/K126) -> 0.011983394 | M39: 21.417207 | N39: =SUM(M39/M126) -> 0.012549905 | O39: =D39*$O$129 -> 5.5240082e+08 | P39: =ROUNDUP(O39,0) -> 552400824
B40: 26 | C40: Margoagung | D40: =SUM((F40*$F$4)+(H40*$H$4)+($J$4*J40)+($L$4*L40)+($N$4*N40)) -> 0.011525763 | E40: 12 | F40: =E40/$E$126 -> 0.0099009901 | G40: 1502 | H40: =G40/$G$126 -> 0.017151601 | I40: 518 | J40: =SUM(I40/I126) -> 0.0090876236 | K40: 10795 | L40: =SUM(K40/K126) -> 0.0095553805 | M40: 23.832923 | N40: =SUM(M40/M126) -> 0.01396545 | O40: =D40*$O$129 -> 5.0869825e+08 | P40: =ROUNDUP(O40,0) -> 508698251
C41: JUMLAH | D41: =SUM(D36:D40) -> 0.057466842 | E41: =SUM(E36:E40) -> 67 | F41: =SUM(F36:F40) -> 0.055280528 | G41: =SUM(G36:G40) -> 6776 | H41: =SUM(H36:H40) -> 0.07737633 | I41: =SUM(I36:I40) -> 2663 | J41: =SUM(J36:J40) -> 0.046718806 | K41: =SUM(K36:K40) -> 53360 | ... P41: =SUM(P36:P40) -> 2536342436
B42: VI. | C42: MLATI
B43: 27 | C43: Sinduadi | D43: =SUM((F43*$F$4)+(H43*$H$4)+($J$4*J43)+($L$4*L43)+($N$4*N43)) -> 0.019158571 | E43: 18 | F43: =E43/$E$126 -> 0.014851485 | G43: 1727 | H43: =G43/$G$126 -> 0.019720915 | I43: 737 | J43: =SUM(I43/I126) -> 0.012929688 | K43: 35427 | L43: =SUM(K43/K126) -> 0.03135882 | M43: 32.445871 | N43: =SUM(M43/M126) -> 0.019012405 | O43: =D43*$O$129 -> 8.4557798e+08 | P43: =ROUNDUP(O43,0) -> 845577985
B44: 28 | C44: Sendangadi | D44: =SUM((F44*$F$4)+(H44*$H$4)+($J$4*J44)+($L$4*L44)+($N$4*N44)) -> 0.012784489 | E44: 14 | F44: =E44/$E$126 -> 0.011551155 | G44: 1107 | H44: =G44/$G$126 -> 0.012641027 | I44: 536 | J44: =SUM(I44/I126) -> 0.0094034098 | K44: 18995 | L44: =SUM(K44/K126) -> 0.016813752 | M44: 26.409154 | N44: =SUM(M44/M126) -> 0.015475051 | O44: =D44*$O$129 -> 5.6425309e+08 | P44: =ROUNDUP(O44,0) -> 564253089
B45: 29 | C45: Tlogoadi | D45: =SUM((F45*$F$4)+(H45*$H$4)+($J$4*J45)+($L$4*L45)+($N$4*N45)) -> 0.011242183 | E45: 12 | F45: =E45/$E$126 -> 0.0099009901 | G45: 1179 | H45: =G45/$G$126 -> 0.013463207 | I45: 482 | J45: =SUM(I45/I126) -> 0.0084560513 | K45: 13755 | L45: =SUM(K45/K126) -> 0.012175476 | M45: 24.795324 | N45: =SUM(M45/M126) -> 0.014529391 | O45: =D45*$O$129 -> 4.9618223e+08 | P45: =ROUNDUP(O45,0) -> 496182231
B46: 30 | C46: Tirtoadi | D46: =SUM((F46*$F$4)+(H46*$H$4)+($J$4*J46)+($L$4*L46)+($N$4*N46)) -> 0.011517741 | E46: 15 | F46: =E46/$E$126 -> 0.012376238 | G46: 1395 | H46: =G46/$G$126 -> 0.015929749 | I46: 497 | J46: =SUM(I46/I126) -> 0.0087192065 | K46: 11543 | L46: =SUM(K46/K126) -> 0.010217486 | M46: 14.191456 | N46: =SUM(M46/M126) -> 0.0083158101 | O46: =D46*$O$129 -> 5.0834417e+08 | P46: =ROUNDUP(O46,0) -> 508344174
B47: 31 | C47: Sumberadi | D47: =SUM((F47*$F$4)+(H47*$H$4)+($J$4*J47)+($L$4*L47)+($N$4*N47)) -> 0.013557138 | E47: 15 | F47: =E47/$E$126 -> 0.012376238 | G47: 1914 | H47: =G47/$G$126 -> 0.021856301 | I47: 600 | J47: =SUM(I47/I126) -> 0.010526205 | K47: 16760 | L47: =SUM(K47/K126) -> 0.014835403 | M47: 6.8379341 | N47: =SUM(M47/M126) -> 0.0040068448 | O47: =D47*$O$129 -> 5.983545e+08 | P47: =ROUNDUP(O47,0) -> 598354502
C48: JUMLAH | D48: =SUM(D43:D47) -> 0.068260121 | E48: =SUM(E43:E47) -> 74 | F48: =SUM(F43:F47) -> 0.061056106 | G48: =SUM(G43:G47) -> 7322 | H48: =SUM(H43:H47) -> 0.0836112 | I48: =SUM(I43:I47) -> 2852 | J48: =SUM(J43:J47) -> 0.050034561 | K48: =SUM(K43:K47) -> 96480 | ... P48: =SUM(P43:P47) -> 3012711981
B49: VII. | C49: DEPOK
B50: 32 | C50: Caturtunggal | D50: =SUM((F50*$F$4)+(H50*$H$4)+($J$4*J50)+($L$4*L50)+($N$4*N50)) -> 0.019939283 | E50: 20 | F50: =E50/$E$126 -> 0.01650165 | G50: 1288 | H50: =G50/$G$126 -> 0.014707898 | I50: 1104 | J50: =SUM(I50/I126) -> 0.019368217 | K50: 44573 | L50: =SUM(K50/K126) -> 0.03945456 | M50: 4.8236494 | N50: =SUM(M50/M126) -> 0.0028265283 | O50: =D50*$O$129 -> 8.800353e+08 | P50: =ROUNDUP(O50,0) -> 880035298
B51: 33 | C51: Maguwoharjo | D51: =SUM((F51*$F$4)+(H51*$H$4)+($J$4*J51)+($L$4*L51)+($N$4*N51)) -> 0.021342316 | E51: 20 | F51: =E51/$E$126 -> 0.01650165 | G51: 1651 | H51: =G51/$G$126 -> 0.018853058 | I51: 1501 | J51: =SUM(I51/I126) -> 0.026333056 | K51: 38121 | L51: =SUM(K51/K126) -> 0.033743461 | M51: 10.340172 | N51: =SUM(M51/M126) -> 0.0060590615 | O51: =D51*$O$129 -> 9.4195924e+08 | P51: =ROUNDUP(O51,0)-38 -> 941959198
B52: 34 | C52: Condongcatur | D52: =SUM((F52*$F$4)+(H52*$H$4)+($J$4*J52)+($L$4*L52)+($N$4*N52)) -> 0.019284814 | E52: 18 | F52: =E52/$E$126 -> 0.014851485 | G52: 1319 | H52: =G52/$G$126 -> 0.015061892 | I52: 950 | J52: =SUM(I52/I126) -> 0.016666491 | K52: 44649 | L52: =SUM(K52/K126) -> 0.039521833 | M52: 9.8865559 | N52: =SUM(M52/M126) -> 0.0057932548 | O52: =D52*$O$129 -> 851149831 | P52: =ROUNDUP(O52,0) -> 851149831
C53: JUMLAH | D53: =SUM(D50:D52) -> 0.060566413 | E53: =SUM(E50:E52) -> 58 | F53: =SUM(F50:F52) -> 0.047854785 | G53: =SUM(G50:G52) -> 4258 | H53: =SUM(H50:H52) -> 0.048622847 | I53: =SUM(I50:I52) -> 3555 | J53: =SUM(J50:J52) -> 0.062367765 | K53: =SUM(K50:K52) -> 127343 | ... P53: =SUM(P50:P52) -> 2673144327
B54: VIII. | C54: BERBAH
B55: 35 | C55: Sendangtirto | D55: =SUM((F55*$F$4)+(H55*$H$4)+($J$4*J55)+($L$4*L55)+($N$4*N55)) -> 0.013837571 | E55: 18 | F55: =E55/$E$126 -> 0.014851485 | G55: 1424 | H55: =G55/$G$126 -> 0.016260905 | I55: 522 | J55: =SUM(I55/I126) -> 0.0091577983 | K55: 18770 | L55: =SUM(K55/K126) -> 0.016614589 | M55: 16.646957 | N55: =SUM(M55/M126) -> 0.0097546676 | O55: =D55*$O$129 -> 6.1073164e+08 | P55: =ROUNDUP(O55,0) -> 610731637
B56: 36 | C56: Tegaltirto | D56: =SUM((F56*$F$4)+(H56*$H$4)+($J$4*J56)+($L$4*L56)+($N$4*N56)) -> 0.01139452 | E56: 14 | F56: =E56/$E$126 -> 0.011551155 | G56: 1003 | H56: =G56/$G$126 -> 0.011453433 | I56: 572 | J56: =SUM(I56/I126) -> 0.010034982 | K56: 13530 | L56: =SUM(K56/K126) -> 0.011976313 | M56: 21.097014 | N56: =SUM(M56/M126) -> 0.012362281 | O56: =D56*$O$129 -> 502905747 | P56: =ROUNDUP(O56,0) -> 502905747
B57: 37 | C57: Kalitirto | D57: =SUM((F57*$F$4)+(H57*$H$4)+($J$4*J57)+($L$4*L57)+($N$4*N57)) -> 0.012588976 | E57: 16 | F57: =E57/$E$126 -> 0.01320132 | G57: 1042 | H57: =G57/$G$126 -> 0.01189878 | I57: 621 | J57: =SUM(I57/I126) -> 0.010894622 | K57: 14717 | L57: =SUM(K57/K126) -> 0.013027006 | M57: 24.992588 | N57: =SUM(M57/M126) -> 0.014644982 | O57: =D57*$O$129 -> 5.5562396e+08 | P57: =ROUNDUP(O57,0) -> 555623959
B58: 38 | C58: Jogotirto | D58: =SUM((F58*$F$4)+(H58*$H$4)+($J$4*J58)+($L$4*L58)+($N$4*N58)) -> 0.0099520687 | E58: 10 | F58: =E58/$E$126 -> 0.0082508251 | G58: 959 | H58: =G58/$G$126 -> 0.010950989 | I58: 584 | J58: =SUM(I58/I126) -> 0.010245506 | K58: 11512 | L58: =SUM(K58/K126) -> 0.010190045 | M58: 20.470449 | N58: =SUM(M58/M126) -> 0.011995131 | O58: =D58*$O$129 -> 4.3924206e+08 | P58: =ROUNDUP(O58,0) -> 439242064
C59: JUMLAH | D59: =SUM(D55:D58) -> 0.047773136 | E59: =SUM(E55:E58) -> 58 | F59: =SUM(F55:F58) -> 0.047854785 | G59: =SUM(G55:G58) -> 4428 | H59: =SUM(H55:H58) -> 0.050564107 | I59: =SUM(I55:I58) -> 2299 | J59: =SUM(J55:J58) -> 0.040332909 | K59: =SUM(K55:K58) -> 58529 | ... P59: =SUM(P55:P58) -> 2108503407
B60: IX. | C60: PRAMBANAN
B61: 39 | C61: Sumberharjo | D61: =SUM((F61*$F$4)+(H61*$H$4)+($J$4*J61)+($L$4*L61)+($N$4*N61)) -> 0.015227496 | E61: 18 | F61: =E61/$E$126 -> 0.014851485 | G61: 1637 | H61: =G61/$G$126 -> 0.01869319 | I61: 917 | J61: =SUM(I61/I126) -> 0.01608755 | K61: 15452 | L61: =SUM(K61/K126) -> 0.013677604 | M61: 18.437394 | N61: =SUM(M61/M126) -> 0.010803815 | O61: =D61*$O$129 -> 6.7207702e+08 | P61: =ROUNDUP(O61,0) -> 672077025
B62: 40 | C62: Wukirharjo | D62: =SUM((F62*$F$4)+(H62*$H$4)+($J$4*J62)+($L$4*L62)+($N$4*N62)) -> 0.0069286724 | E62: 6 | F62: =E62/$E$126 -> 0.004950495 | G62: 513 | H62: =G62/$G$126 -> 0.0058580368 | I62: 475 | J62: =SUM(I62/I126) -> 0.0083332456 | K62: 2794 | L62: =SUM(K62/K126) -> 0.0024731573 | M62: 36.019338 | N62: =SUM(M62/M126) -> 0.02110636 | O62: =D62*$O$129 -> 3.0580219e+08 | P62: =ROUNDUP(O62,0) -> 305802188
B63: 41 | C63: Gayamharjo | D63: =SUM((F63*$F$4)+(H63*$H$4)+($J$4*J63)+($L$4*L63)+($N$4*N63)) -> 0.0077583713 | E63: 7 | F63: =E63/$E$126 -> 0.0057755776 | G63: 554 | H63: =G63/$G$126 -> 0.006326223 | I63: 655 | J63: =SUM(I63/I126) -> 0.011491107 | K63: 4761 | L63: =SUM(K63/K126) -> 0.0042142813 | M63: 27.635672 | N63: =SUM(M63/M126) -> 0.016193758 | O63: =D63*$O$129 -> 3.4242157e+08 | P63: =ROUNDUP(O63,0) -> 342421575
B64: 42 | C64: Sambirejo | D64: =SUM((F64*$F$4)+(H64*$H$4)+($J$4*J64)+($L$4*L64)+($N$4*N64)) -> 0.0092532338 | E64: 8 | F64: =E64/$E$126 -> 0.0066006601 | G64: 602 | H64: =G64/$G$126 -> 0.0068743434 | I64: 839 | J64: =SUM(I64/I126) -> 0.014719143 | K64: 6047 | L64: =SUM(K64/K126) -> 0.0053526064 | M64: 32.148532 | N64: =SUM(M64/M126) -> 0.018838172 | O64: =D64*$O$129 -> 4.0839846e+08 | P64: =ROUNDUP(O64,0) -> 408398459
B65: 43 | C65: Madurejo | D65: =SUM((F65*$F$4)+(H65*$H$4)+($J$4*J65)+($L$4*L65)+($N$4*N65)) -> 0.01354224 | E65: 16 | F65: =E65/$E$126 -> 0.01320132 | G65: 1459 | H65: =G65/$G$126 -> 0.016660576 | I65: 709 | J65: =SUM(I65/I126) -> 0.012438466 | K65: 14200 | L65: =SUM(K65/K126) -> 0.012569375 | M65: 21.300647 | N65: =SUM(M65/M126) -> 0.012481604 | O65: =D65*$O$129 -> 5.9769698e+08 | P65: =ROUNDUP(O65,0) -> 597696978
B66: 44 | C66: Bokoharjo | D66: =SUM((F66*$F$4)+(H66*$H$4)+($J$4*J66)+($L$4*L66)+($N$4*N66)) -> 0.010215432 | E66: 13 | F66: =E66/$E$126 -> 0.010726073 | G66: 1054 | H66: =G66/$G$126 -> 0.012035811 | I66: 540 | J66: =SUM(I66/I126) -> 0.0094735845 | K66: 12586 | L66: =SUM(K66/K126) -> 0.011140715 | M66: 7.9796859 | N66: =SUM(M66/M126) -> 0.0046758805 | O66: =D66*$O$129 -> 4.508658e+08 | P66: =ROUNDUP(O66,0) -> 450865796
C67: JUMLAH | D67: =SUM(D61:D66) -> 0.062925445 | E67: =SUM(E61:E66) -> 68 | F67: =SUM(F61:F66) -> 0.056105611 | G67: =SUM(G61:G66) -> 5819 | H67: =SUM(H61:H66) -> 0.06644818 | I67: =SUM(I61:I66) -> 4135 | J67: =SUM(J61:J66) -> 0.072543096 | K67: =SUM(K61:K66) -> 55840 | ... P67: =SUM(P61:P66) -> 2777262021
B68: X. | C68: KALASAN
B69: 45 | C69: Purwomartani | D69: =SUM((F69*$F$4)+(H69*$H$4)+($J$4*J69)+($L$4*L69)+($N$4*N69)) -> 0.021421009 | E69: 21 | F69: =E69/$E$126 -> 0.017326733 | G69: 1948 | H69: =G69/$G$126 -> 0.022244553 | I69: 1205 | J69: =SUM(I69/I126) -> 0.021140128 | K69: 38563 | L69: =SUM(K69/K126) -> 0.034134705 | M69: 12.272094 | N69: =SUM(M69/M126) -> 0.0071911159 | O69: =D69*$O$129 -> 9.4543238e+08 | P69: =ROUNDUP(O69,0) -> 945432385
B70: 46 | C70: Tirtomartani | D70: =SUM((F70*$F$4)+(H70*$H$4)+($J$4*J70)+($L$4*L70)+($N$4*N70)) -> 0.014180466 | E70: 17 | F70: =E70/$E$126 -> 0.014026403 | G70: 1495 | H70: =G70/$G$126 -> 0.017071667 | I70: 753 | J70: =SUM(I70/I126) -> 0.013210387 | K70: 18685 | L70: =SUM(K70/K126) -> 0.01653935 | M70: 10.380418 | N70: =SUM(M70/M126) -> 0.0060826445 | O70: =D70*$O$129 -> 6.2586557e+08 | P70: =ROUNDUP(O70,0) -> 625865574
B71: 47 | C71: Tamanmartani | D71: =SUM((F71*$F$4)+(H71*$H$4)+($J$4*J71)+($L$4*L71)+($N$4*N71)) -> 0.016105181 | E71: 22 | F71: =E71/$E$126 -> 0.018151815 | G71: 1637 | H71: =G71/$G$126 -> 0.01869319 | I71: 730 | J71: =SUM(I71/I126) -> 0.012806883 | K71: 17254 | L71: =SUM(K71/K126) -> 0.015272676 | M71: 22.272132 | N71: =SUM(M71/M126) -> 0.013050868 | O71: =D71*$O$129 -> 7.1081432e+08 | P71: =ROUNDUP(O71,0) -> 710814320
B72: 48 | C72: Selomartani | D72: =SUM((F72*$F$4)+(H72*$H$4)+($J$4*J72)+($L$4*L72)+($N$4*N72)) -> 0.014921626 | E72: 20 | F72: =E72/$E$126 -> 0.01650165 | G72: 1279 | H72: =G72/$G$126 -> 0.014605125 | I72: 896 | J72: =SUM(I72/I126) -> 0.015719133 | K72: 13871 | L72: =SUM(K72/K126) -> 0.012278155 | M72: 24.756238 | N72: =SUM(M72/M126) -> 0.014506487 | O72: =D72*$O$129 -> 6.5857724e+08 | P72: =ROUNDUP(O72,0) -> 658577241
C73: JUMLAH | D73: =SUM(D69:D72) -> 0.066628282 | E73: =SUM(E69:E72) -> 80 | F73: =SUM(F69:F72) -> 0.066006601 | G73: =SUM(G69:G72) -> 6359 | H73: =SUM(H69:H72) -> 0.072614534 | I73: =SUM(I69:I72) -> 3584 | J73: =SUM(J69:J72) -> 0.062876531 | K73: =SUM(K69:K72) -> 88373 | ... P73: =SUM(P69:P72) -> 2940689520
B74: XI. | C74: NGEMPLAK
B75: 49 | C75: Sindumartani | D75: =SUM((F75*$F$4)+(H75*$H$4)+($J$4*J75)+($L$4*L75)+($N$4*N75)) -> 0.0091385562 | E75: 11 | F75: =E75/$E$126 -> 0.0090759076 | G75: 793 | H75: =G75/$G$126 -> 0.0090554058 | I75: 444 | J75: =SUM(I75/I126) -> 0.0077893917 | K75: 8193 | L75: =SUM(K75/K126) -> 0.0072521753 | M75: 27.243394 | N75: =SUM(M75/M126) -> 0.015963893 | O75: =D75*$O$129 -> 4.0333707e+08 | P75: =ROUNDUP(O75,0) -> 403337074
B76: 50 | C76: Bimomartani | D76: =SUM((F76*$F$4)+(H76*$H$4)+($J$4*J76)+($L$4*L76)+($N$4*N76)) -> 0.0089265462 | E76: 12 | F76: =E76/$E$126 -> 0.0099009901 | G76: 553 | H76: =G76/$G$126 -> 0.0063148038 | I76: 602 | J76: =SUM(I76/I126) -> 0.010561292 | K76: 8039 | L76: =SUM(K76/K126) -> 0.0071158595 | M76: 19.759579 | N76: =SUM(M76/M126) -> 0.01157858 | O76: =D76*$O$129 -> 3.9397985e+08 | P76: =ROUNDUP(O76,0) -> 393979854
B77: 51 | C77: Widodomartani | D77: =SUM((F77*$F$4)+(H77*$H$4)+($J$4*J77)+($L$4*L77)+($N$4*N77)) -> 0.010899751 | E77: 19 | F77: =E77/$E$126 -> 0.015676568 | G77: 648 | H77: =G77/$G$126 -> 0.0073996255 | I77: 615 | J77: =SUM(I77/I126) -> 0.01078936 | K77: 9054 | L77: =SUM(K77/K126) -> 0.0080143043 | M77: 16.316837 | N77: =SUM(M77/M126) -> 0.0095612258 | O77: =D77*$O$129 -> 4.8106873e+08 | P77: =ROUNDUP(O77,0) -> 481068732
B78: 52 | C78: Wedomartani | D78: =SUM((F78*$F$4)+(H78*$H$4)+($J$4*J78)+($L$4*L78)+($N$4*N78)) -> 0.019941106 | E78: 25 | F78: =E78/$E$126 -> 0.020627063 | G78: 1330 | H78: =G78/$G$126 -> 0.015187503 | I78: 1244 | J78: =SUM(I78/I126) -> 0.021824332 | K78: 32202 | L78: =SUM(K78/K126) -> 0.028504156 | M78: 11.089062 | N78: =SUM(M78/M126) -> 0.0064978909 | O78: =D78*$O$129 -> 8.8011576e+08 | P78: =ROUNDUP(O78,0) -> 880115765
B79: 53 | C79: Umbulmartani | D79: =SUM((F79*$F$4)+(H79*$H$4)+($J$4*J79)+($L$4*L79)+($N$4*N79)) -> 0.0096829363 | E79: 15 | F79: =E79/$E$126 -> 0.012376238 | G79: 554 | H79: =G79/$G$126 -> 0.006326223 | I79: 666 | J79: =SUM(I79/I126) -> 0.011684088 | K79: 9833 | L79: =SUM(K79/K126) -> 0.0087038496 | M79: 10.704128 | N79: =SUM(M79/M126) -> 0.00627233 | O79: =D79*$O$129 -> 4.273637e+08 | P79: =ROUNDUP(O79,0) -> 427363703
C80: JUMLAH | D80: =SUM(D75:D79) -> 0.058588895 | E80: =SUM(E75:E79) -> 82 | F80: =SUM(F75:F79) -> 0.067656766 | G80: =SUM(G75:G79) -> 3878 | H80: =SUM(H75:H79) -> 0.044283561 | I80: =SUM(I75:I79) -> 3571 | J80: =SUM(J75:J79) -> 0.062648463 | K80: =SUM(K75:K79) -> 67321 | ... P80: =SUM(P75:P79) -> 2585865128
B81: XII. | C81: NGAGLIK
B82: 54 | C82: Sariharjo | D82: =SUM((F82*$F$4)+(H82*$H$4)+($J$4*J82)+($L$4*L82)+($N$4*N82)) -> 0.012836822 | E82: 16 | F82: =E82/$E$126 -> 0.01320132 | G82: 885 | H82: =G82/$G$126 -> 0.01010597 | I82: 660 | J82: =SUM(I82/I126) -> 0.011578825 | K82: 22467 | L82: =SUM(K82/K126) -> 0.019887053 | M82: 9.5918415 | N82: =SUM(M82/M126) -> 0.0056205601 | O82: =D82*$O$129 -> 5.6656281e+08 | P82: =ROUNDUP(O82,0) -> 566562815
B83: 55 | C83: Minomartani | D83: =SUM((F83*$F$4)+(H83*$H$4)+($J$4*J83)+($L$4*L83)+($N$4*N83)) -> 0.0062179333 | E83: 6 | F83: =E83/$E$126 -> 0.004950495 | G83: 423 | H83: =G83/$G$126 -> 0.0048303111 | I83: 153 | J83: =SUM(I83/I126) -> 0.0026841823 | K83: 12737 | L83: =SUM(K83/K126) -> 0.011274375 | M83: 16.639181 | N83: =SUM(M83/M126) -> 0.009750111 | O83: =D83*$O$129 -> 2.7443318e+08 | P83: =ROUNDUP(O83,0) -> 274433182
B84: 56 | C84: Sinduharjo | D84: =SUM((F84*$F$4)+(H84*$H$4)+($J$4*J84)+($L$4*L84)+($N$4*N84)) -> 0.012996865 | E84: 17 | F84: =E84/$E$126 -> 0.014026403 | G84: 807 | H84: =G84/$G$126 -> 0.0092152743 | I84: 609 | J84: =SUM(I84/I126) -> 0.010684098 | K84: 19914 | L84: =SUM(K84/K126) -> 0.017627221 | M84: 21.905883 | N84: =SUM(M84/M126) -> 0.012836256 | O84: =D84*$O$129 -> 5.7362645e+08 | P84: =ROUNDUP(O84,0) -> 573626447
B85: 57 | C85: Sukoharjo | D85: =SUM((F85*$F$4)+(H85*$H$4)+($J$4*J85)+($L$4*L85)+($N$4*N85)) -> 0.012932672 | E85: 14 | F85: =E85/$E$126 -> 0.011551155 | G85: 1052 | H85: =G85/$G$126 -> 0.012012972 | I85: 803 | J85: =SUM(I85/I126) -> 0.014087571 | K85: 17153 | L85: =SUM(K85/K126) -> 0.015183274 | M85: 20.659015 | N85: =SUM(M85/M126) -> 0.012105625 | O85: =D85*$O$129 -> 5.7079326e+08 | P85: =ROUNDUP(O85,0) -> 570793262
B86: 58 | C86: Sardonoharjo | D86: =SUM((F86*$F$4)+(H86*$H$4)+($J$4*J86)+($L$4*L86)+($N$4*N86)) -> 0.015672603 | E86: 18 | F86: =E86/$E$126 -> 0.014851485 | G86: 1423 | H86: =G86/$G$126 -> 0.016249486 | I86: 938 | J86: =SUM(I86/I126) -> 0.016455967 | K86: 22061 | L86: =SUM(K86/K126) -> 0.019527675 | M86: 13.149616 | N86: =SUM(M86/M126) -> 0.00770532 | O86: =D86*$O$129 -> 6.9172217e+08 | P86: =ROUNDUP(O86,0) -> 691722171
B87: 59 | C87: Donoharjo | D87: =SUM((F87*$F$4)+(H87*$H$4)+($J$4*J87)+($L$4*L87)+($N$4*N87)) -> 0.011522281 | E87: 16 | F87: =E87/$E$126 -> 0.01320132 | G87: 815 | H87: =G87/$G$126 -> 0.0093066277 | I87: 660 | J87: =SUM(I87/I126) -> 0.011578825 | K87: 10593 | L87: =SUM(K87/K126) -> 0.0093765767 | M87: 25.76021 | N87: =SUM(M87/M126) -> 0.015094787 | O87: =D87*$O$129 -> 5.0854456e+08 | P87: =ROUNDUP(O87,0) -> 508544559
C88: JUMLAH | D88: =SUM(D82:D87) -> 0.072179176 | E88: =SUM(E82:E87) -> 87 | F88: =SUM(F82:F87) -> 0.071782178 | G88: =SUM(G82:G87) -> 5405 | H88: =SUM(H82:H87) -> 0.061720641 | I88: =SUM(I82:I87) -> 3823 | J88: =SUM(J82:J87) -> 0.067069469 | K88: =SUM(K82:K87) -> 104925 | ... P88: =SUM(P82:P87) -> 3185682436
B89: XIII. | C89: SLEMAN
B90: 60 | C90: Caturharjo | D90: =SUM((F90*$F$4)+(H90*$H$4)+($J$4*J90)+($L$4*L90)+($N$4*N90)) -> 0.01463428 | E90: 20 | F90: =E90/$E$126 -> 0.01650165 | G90: 1436 | H90: =G90/$G$126 -> 0.016397935 | I90: 744 | J90: =SUM(I90/I126) -> 0.013052494 | K90: 15622 | L90: =SUM(K90/K126) -> 0.013828083 | M90: 17.544879 | N90: =SUM(M90/M126) -> 0.010280825 | O90: =D90*$O$129 -> 6.45895e+08 | P90: =ROUNDUP(O90,0) -> 645894998
B91: 61 | C91: Triharjo | D91: =SUM((F91*$F$4)+(H91*$H$4)+($J$4*J91)+($L$4*L91)+($N$4*N91)) -> 0.012710023 | E91: 12 | F91: =E91/$E$126 -> 0.0099009901 | G91: 1598 | H91: =G91/$G$126 -> 0.018247842 | I91: 578 | J91: =SUM(I91/I126) -> 0.010140244 | K91: 18964 | L91: =SUM(K91/K126) -> 0.016786312 | M91: 12.028651 | N91: =SUM(M91/M126) -> 0.007048465 | O91: =D91*$O$129 -> 560966462 | P91: =ROUNDUP(O91,0) -> 560966462
B92: 62 | C92: Tridadi | D92: =SUM((F92*$F$4)+(H92*$H$4)+($J$4*J92)+($L$4*L92)+($N$4*N92)) -> 0.011424997 | E92: 15 | F92: =E92/$E$126 -> 0.012376238 | G92: 1039 | H92: =G92/$G$126 -> 0.011864523 | I92: 504 | J92: =SUM(I92/I126) -> 0.0088420122 | K92: 15622 | L92: =SUM(K92/K126) -> 0.013828083 | M92: 13.741287 | N92: =SUM(M92/M126) -> 0.0080520232 | O92: =D92*$O$129 -> 504250875 | P92: =ROUNDUP(O92,0) -> 504250875
B93: 63 | C93: Pandowoharjo | D93: =SUM((F93*$F$4)+(H93*$H$4)+($J$4*J93)+($L$4*L93)+($N$4*N93)) -> 0.014010207 | E93: 22 | F93: =E93/$E$126 -> 0.018151815 | G93: 1096 | H93: =G93/$G$126 -> 0.012515416 | I93: 727 | J93: =SUM(I93/I126) -> 0.012754252 | K93: 12969 | L93: =SUM(K93/K126) -> 0.011479734 | M93: 20.731026 | N93: =SUM(M93/M126) -> 0.012147822 | O93: =D93*$O$129 -> 6.1835106e+08 | P93: =ROUNDUP(O93,0) -> 618351064
B94: 64 | C94: Trimulyo | D94: =SUM((F94*$F$4)+(H94*$H$4)+($J$4*J94)+($L$4*L94)+($N$4*N94)) -> 0.010907614 | E94: 14 | F94: =E94/$E$126 -> 0.011551155 | G94: 951 | H94: =G94/$G$126 -> 0.010859635 | I94: 579 | J94: =SUM(I94/I126) -> 0.010157788 | K94: 10078 | L94: =SUM(K94/K126) -> 0.0089207156 | M94: 24.824355 | N94: =SUM(M94/M126) -> 0.014546401 | O94: =D94*$O$129 -> 4.814158e+08 | P94: =ROUNDUP(O94,0) -> 481415798
C95: JUMLAH | D95: =SUM(D90:D94) -> 0.063687122 | E95: =SUM(E90:E94) -> 83 | F95: =SUM(F90:F94) -> 0.068481848 | G95: =SUM(G90:G94) -> 6120 | H95: =SUM(H90:H94) -> 0.069885351 | I95: =SUM(I90:I94) -> 3132 | J95: =SUM(J90:J94) -> 0.05494679 | K95: =SUM(K90:K94) -> 73255 | ... P95: =SUM(P90:P94) -> 2810879197
B96: XIV. | C96: TEMPEL
B97: 65 | C97: Banyurejo | D97: =SUM((F97*$F$4)+(H97*$H$4)+($J$4*J97)+($L$4*L97)+($N$4*N97)) -> 0.0099357204 | E97: 14 | F97: =E97/$E$126 -> 0.011551155 | G97: 885 | H97: =G97/$G$126 -> 0.01010597 | I97: 483 | J97: =SUM(I97/I126) -> 0.008473595 | K97: 7712 | L97: =SUM(K97/K126) -> 0.0068264099 | M97: 23.707216 | N97: =SUM(M97/M126) -> 0.013891789 | O97: =D97*$O$129 -> 4.3852052e+08 | P97: =ROUNDUP(O97,0) -> 438520519
B98: 66 | C98: Tambakrejo | D98: =SUM((F98*$F$4)+(H98*$H$4)+($J$4*J98)+($L$4*L98)+($N$4*N98)) -> 0.0075597136 | E98: 11 | F98: =E98/$E$126 -> 0.0090759076 | G98: 544 | H98: =G98/$G$126 -> 0.0062120312 | I98: 326 | J98: =SUM(I98/I126) -> 0.005719238 | K98: 5223 | L98: =SUM(K98/K126) -> 0.0046232286 | M98: 26.042868 | N98: =SUM(M98/M126) -> 0.015260417 | O98: =D98*$O$129 -> 3.3365367e+08 | P98: =ROUNDUP(O98,0) -> 333653666
B99: 67 | C99: Sumberrejo | D99: =SUM((F99*$F$4)+(H99*$H$4)+($J$4*J99)+($L$4*L99)+($N$4*N99)) -> 0.0069339619 | E99: 10 | F99: =E99/$E$126 -> 0.0082508251 | G99: 514 | H99: =G99/$G$126 -> 0.005869456 | I99: 293 | J99: =SUM(I99/I126) -> 0.0051402968 | K99: 4724 | L99: =SUM(K99/K126) -> 0.0041815301 | M99: 24.241011 | N99: =SUM(M99/M126) -> 0.014204578 | O99: =D99*$O$129 -> 3.0603564e+08 | P99: =ROUNDUP(O99,0) -> 306035642
B100: 68 | C100: Pondokrejo | D100: =SUM((F100*$F$4)+(H100*$H$4)+($J$4*J100)+($L$4*L100)+($N$4*N100)) -> 0.0077626865 | E100: 9 | F100: =E100/$E$126 -> 0.0074257426 | G100: 762 | H100: =G100/$G$126 -> 0.0087014114 | I100: 327 | J100: =SUM(I100/I126) -> 0.0057367817 | K100: 6610 | L100: =SUM(K100/K126) -> 0.0058509555 | M100: 25.208227 | N100: =SUM(M100/M126) -> 0.01477134 | O100: =D100*$O$129 -> 3.4261203e+08 | P100: =ROUNDUP(O100,0) -> 342612030
B101: 69 | C101: Mororejo | D101: =SUM((F101*$F$4)+(H101*$H$4)+($J$4*J101)+($L$4*L101)+($N$4*N101)) -> 0.0081618297 | E101: 13 | F101: =E101/$E$126 -> 0.010726073 | G101: 589 | H101: =G101/$G$126 -> 0.0067258941 | I101: 337 | J101: =SUM(I101/I126) -> 0.0059122185 | K101: 5390 | L101: =SUM(K101/K126) -> 0.0047710515 | M101: 24.952943 | N101: =SUM(M101/M126) -> 0.014621751 | O101: =D101*$O$129 -> 3.6022851e+08 | P101: =ROUNDUP(O101,0) -> 360228513
...

Sheet rekap hitungan
B1: Lampiran III
B2: Nomor Surat:
B3: Tanggal:
B5: ESTIMASI BESARAN ADD TA 2026
B6: Asumsi:
B7: 1. | C7: ADD kewenangan merupakan sisa dari pagu dikurangi alokasi earmark (siltap, BPJS Kes, BPJS naker, kebijakan, tunjangan BPKal) tanpa memperhitungkan keseimbangan proporsi belanja apbkal 30:70
B9: 2. | C9: Besaran tunjangan kedudukan BPKal:
C10: Ketua | D10: 2000000
C11: Wakil Ketua | D11: 1950000
C12: Sekretaris | D12: 1900000
C13: Kepala Bidang | D13: 1850000
C14: Sekretaris | D14: 1800000
B16: NO | C16: KAPANEWON/KALURAHAN | D16: ALOKASI DANA DESA
D17: (Rp)
D18: PENGHASILAN TETAP | E18: BPJS KESEHATAN (PEMBULATAN) | F18: BPJS KETENAGAKERJAAN (PEMBULATAN) | G18: KEBIJAKAN | H18: KEWENANGAN | K18: JUMLAH
H20: TUNJANGAN BPKal | I20: KEGIATAN | J20: JUMLAH
B21: 1 | C21: 2 | D21: 3 | E21: 4 | F21: 5 | G21: 6 | H21: 7 | I21: 8 | J21: 9=7+8 | K21: 10=3+4+5+6+9
B22: I. | C22: GAMPING
B23: 1. | C23: Balecatur | D23: ='hitung siltap'!M22 -> 933300000 | E23: =ROUND('hitung siltap'!P22,0) -> 10077696 | F23: =ROUND('hitung siltap'!W22,0) -> 73959126 | G23: ='hitung siltap'!X22 -> 155550000 | H23: 201000000 | I23: ='hitung kewenangan kegiatan'!P7 -> 689919442 | J23: =H23+I23 -> 890919442 | K23: =SUM(D23:G23)+J23 -> 2063806264
B24: 2. | C24: Ambarketawang | D24: ='hitung siltap'!M23 -> 759300000 | E24: =ROUND('hitung siltap'!P23,0) -> 10077696 | F24: =ROUND('hitung siltap'!W23,0) -> 63101526 | G24: ='hitung siltap'!X23 -> 126550000 | H24: 201000000 | I24: ='hitung kewenangan kegiatan'!P8 -> 622226824 | J24: =H24+I24 -> 823226824 | K24: =SUM(D24:G24)+J24 -> 1782256046
B25: 3. | C25: Banyuraden | D25: ='hitung siltap'!M24 -> 585300000 | E25: =ROUND('hitung siltap'!P24,0) -> 10077696 | F25: =ROUND('hitung siltap'!W24,0) -> 52243926 | G25: ='hitung siltap'!X24 -> 97550000 | H25: 201000000 | I25: ='hitung kewenangan kegiatan'!P9 -> 451329140 | J25: =H25+I25 -> 652329140 | K25: =SUM(D25:G25)+J25 -> 1397500762
B26: 4. | C26: Nogotirto | D26: ='hitung siltap'!M25 -> 585300000 | E26: =ROUND('hitung siltap'!P25,0) -> 10077696 | F26: =ROUND('hitung siltap'!W25,0) -> 52243926 | G26: ='hitung siltap'!X25 -> 97550000 | H26: 201000000 | I26: ='hitung kewenangan kegiatan'!P10 -> 440641099 | J26: =H26+I26 -> 641641099 | K26: =SUM(D26:G26)+J26 -> 1386812721
B27: 5. | C27: Trihanggo | D27: ='hitung siltap'!M26 -> 724500000 | E27: =ROUND('hitung siltap'!P26,0) -> 10077696 | F27: =ROUND('hitung siltap'!W26,0) -> 60930006 | G27: ='hitung siltap'!X26 -> 120750000 | H27: 201000000 | I27: ='hitung kewenangan kegiatan'!P11 -> 549112626 | J27: =H27+I27 -> 750112626 | K27: =SUM(D27:G27)+J27 -> 1666370328
B28: II. | C28: GODEAN
B29: 6. | C29: Sidorejo | D29: ='hitung siltap'!M28 -> 759300000 | E29: =ROUND('hitung siltap'!P28,0) -> 10077696 | F29: =ROUND('hitung siltap'!W28,0) -> 63101526 | G29: ='hitung siltap'!X28 -> 126550000 | H29: 157800000 | I29: ='hitung kewenangan kegiatan'!P14 -> 429911810 | J29: =H29+I29 -> 587711810 | K29: =SUM(D29:G29)+J29 -> 1546741032
B30: 7. | C30: Sidoluhur | D30: ='hitung siltap'!M29 -> 828900000 | E30: =ROUND('hitung siltap'!P29,0) -> 10077696 | F30: =ROUND('hitung siltap'!W29,0) -> 67444566 | G30: ='hitung siltap'!X29 -> 138150000 | H30: 201000000 | I30: ='hitung kewenangan kegiatan'!P15 -> 476931989 | J30: =H30+I30 -> 677931989 | K30: =SUM(D30:G30)+J30 -> 1722504251
B31: 8. | C31: Sidomulyo | D31: ='hitung siltap'!M30 -> 585300000 | E31: =ROUND('hitung siltap'!P30,0) -> 10077696 | F31: =ROUND('hitung siltap'!W30,0) -> 52243926 | G31: ='hitung siltap'!X30 -> 97550000 | H31: 157800000 | I31: ='hitung kewenangan kegiatan'!P16 -> 296837003 | J31: =H31+I31 -> 454637003 | K31: =SUM(D31:G31)+J31 -> 1199808625
B32: 9. | C32: Sidoagung | D32: ='hitung siltap'!M31 -> 585300000 | E32: =ROUND('hitung siltap'!P31,0) -> 10077696 | F32: =ROUND('hitung siltap'!W31,0) -> 52243926 | G32: ='hitung siltap'!X31 -> 97550000 | H32: 201000000 | I32: ='hitung kewenangan kegiatan'!P17 -> 352280244 | J32: =H32+I32 -> 553280244 | K32: =SUM(D32:G32)+J32 -> 1298451866
B33: 10. | C33: Sidokarto | D33: ='hitung siltap'!M32 -> 794100000 | E33: =ROUND('hitung siltap'!P32,0) -> 10077696 | F33: =ROUND('hitung siltap'!W32,0) -> 65273046 | G33: ='hitung siltap'!X32 -> 132350000 | H33: 201000000 | I33: ='hitung kewenangan kegiatan'!P18 -> 472341159 | J33: =H33+I33 -> 673341159 | K33: =SUM(D33:G33)+J33 -> 1675141901
B34: 11. | C34: Sidoarum | D34: ='hitung siltap'!M33 -> 585300000 | E34: =ROUND('hitung siltap'!P33,0) -> 10077696 | F34: =ROUND('hitung siltap'!W33,0) -> 52243926 | G34: ='hitung siltap'!X33 -> 97550000 | H34: 201000000 | I34: ='hitung kewenangan kegiatan'!P19 -> 472317611 | J34: =H34+I34 -> 673317611 | K34: =SUM(D34:G34)+J34 -> 1418489233
B35: 12. | C35: Sidomoyo | D35: ='hitung siltap'!M34 -> 689700000 | E35: =ROUND('hitung siltap'!P34,0) -> 10077696 | F35: =ROUND('hitung siltap'!W34,0) -> 58758486 | G35: ='hitung siltap'!X34 -> 114950000 | H35: 157800000 | I35: ='hitung kewenangan kegiatan'!P20 -> 377225642 | J35: =H35+I35 -> 535025642 | K35: =SUM(D35:G35)+J35 -> 1408511824
B36: III. | C36: MOYUDAN
B37: 13. | C37: Sumberrahayu | D37: ='hitung siltap'!M36 -> 828900000 | E37: =ROUND('hitung siltap'!P36,0) -> 10077696 | F37: =ROUND('hitung siltap'!W36,0) -> 67444566 | G37: ='hitung siltap'!X36 -> 138150000 | H37: 157800000 | I37: ='hitung kewenangan kegiatan'!P23 -> 443202847 | J37: =H37+I37 -> 601002847 | K37: =SUM(D37:G37)+J37 -> 1645575109
B38: 14. | C38: Sumbersari | D38: ='hitung siltap'!M37 -> 759300000 | E38: =ROUND('hitung siltap'!P37,0) -> 10077696 | F38: =ROUND('hitung siltap'!W37,0) -> 63101526 | G38: ='hitung siltap'!X37 -> 126550000 | H38: 201000000 | I38: ='hitung kewenangan kegiatan'!P24 -> 435120813 | J38: =H38+I38 -> 636120813 | K38: =SUM(D38:G38)+J38 -> 1595150035
B39: 15. | C39: Sumberagung | D39: ='hitung siltap'!M38 -> 1037700000 | E39: =ROUND('hitung siltap'!P38,0) -> 10077696 | F39: =ROUND('hitung siltap'!W38,0) -> 80473686 | G39: ='hitung siltap'!X38 -> 172950000 | H39: 201000000 | I39: ='hitung kewenangan kegiatan'!P25 -> 612640508 | J39: =H39+I39 -> 813640508 | K39: =SUM(D39:G39)+J39 -> 2114841890
B40: 16. | C40: Sumberarum | D40: ='hitung siltap'!M39 -> 863700000 | E40: =ROUND('hitung siltap'!P39,0) -> 10077696 | F40: =ROUND('hitung siltap'!W39,0) -> 69616086 | G40: ='hitung siltap'!X39 -> 143950000 | H40: 157800000 | I40: ='hitung kewenangan kegiatan'!P26 -> 487913013 | J40: =H40+I40 -> 645713013 | K40: =SUM(D40:G40)+J40 -> 1733056795
B41: IV. | C41: MINGGIR
B42: 17. | C42: Sendangarum | D42: ='hitung siltap'!M41 -> 620100000 | E42: =ROUND('hitung siltap'!P41,0) -> 10077696 | F42: =ROUND('hitung siltap'!W41,0) -> 54415446 | G42: ='hitung siltap'!X41 -> 103350000 | H42: 114600000 | I42: ='hitung kewenangan kegiatan'!P29 -> 247925306 | J42: =H42+I42 -> 362525306 | K42: =SUM(D42:G42)+J42 -> 1150468448
B43: 18. | C43: Sendangmulyo | D43: ='hitung siltap'!M42 -> 863700000 | E43: =ROUND('hitung siltap'!P42,0) -> 10077696 | F43: =ROUND('hitung siltap'!W42,0) -> 69616086 | G43: ='hitung siltap'!X42 -> 143950000 | H43: 157800000 | I43: ='hitung kewenangan kegiatan'!P30 -> 477147163 | J43: =H43+I43 -> 634947163 | K43: =SUM(D43:G43)+J43 -> 1722290945
B44: 19. | C44: Sendangagung | D44: ='hitung siltap'!M43 -> 828900000 | E44: =ROUND('hitung siltap'!P43,0) -> 10077696 | F44: =ROUND('hitung siltap'!W43,0) -> 67444566 | G44: ='hitung siltap'!X43 -> 138150000 | H44: 157800000 | I44: ='hitung kewenangan kegiatan'!P31 -> 502141725 | J44: =H44+I44 -> 659941725 | K44: =SUM(D44:G44)+J44 -> 1704513987
B45: 20. | C45: Sendangsari | D45: ='hitung siltap'!M44 -> 724500000 | E45: =ROUND('hitung siltap'!P44,0) -> 10077696 | F45: =ROUND('hitung siltap'!W44,0) -> 60930006 | G45: ='hitung siltap'!X44 -> 120750000 | H45: 157800000 | I45: ='hitung kewenangan kegiatan'!P32 -> 369993542 | J45: =H45+I45 -> 527793542 | K45: =SUM(D45:G45)+J45 -> 1444051244
B46: 21. | C46: Sendangrejo | D46: ='hitung siltap'!M45 -> 863700000 | E46: =ROUND('hitung siltap'!P45,0) -> 10077696 | F46: =ROUND('hitung siltap'!W45,0) -> 69616086 | G46: ='hitung siltap'!X45 -> 143950000 | H46: 201000000 | I46: ='hitung kewenangan kegiatan'!P33 -> 498401426 | J46: =H46+I46 -> 699401426 | K46: =SUM(D46:G46)+J46 -> 1786745208
B47: V. | C47: SEYEGAN
B48: 22. | C48: Margoluwih | D48: ='hitung siltap'!M47 -> 794100000 | E48: =ROUND('hitung siltap'!P47,0) -> 10077696 | F48: =ROUND('hitung siltap'!W47,0) -> 65273046 | G48: ='hitung siltap'!X47 -> 132350000 | H48: 201000000 | I48: ='hitung kewenangan kegiatan'!P36 -> 534990555 | J48: =H48+I48 -> 735990555 | K48: =SUM(D48:G48)+J48 -> 1737791297
B49: 23. | C49: Margodadi | D49: ='hitung siltap'!M48 -> 863700000 | E49: =ROUND('hitung siltap'!P48,0) -> 10077696 | F49: =ROUND('hitung siltap'!W48,0) -> 69616086 | G49: ='hitung siltap'!X48 -> 143950000 | H49: 201000000 | I49: ='hitung kewenangan kegiatan'!P37 -> 512142572 | J49: =H49+I49 -> 713142572 | K49: =SUM(D49:G49)+J49 -> 1800486354
B50: 24. | C50: Margokaton | D50: ='hitung siltap'!M49 -> 724500000 | E50: =ROUND('hitung siltap'!P49,0) -> 10077696 | F50: =ROUND('hitung siltap'!W49,0) -> 60930006 | G50: ='hitung siltap'!X49 -> 120750000 | H50: 157800000 | I50: ='hitung kewenangan kegiatan'!P38 -> 428110234 | J50: =H50+I50 -> 585910234 | K50: =SUM(D50:G50)+J50 -> 1502167936
B51: 25. | C51: Margomulyo | D51: ='hitung siltap'!M50 -> 759300000 | E51: =ROUND('hitung siltap'!P50,0) -> 10077696 | F51: =ROUND('hitung siltap'!W50,0) -> 63101526 | G51: ='hitung siltap'!X50 -> 126550000 | H51: 201000000 | I51: ='hitung kewenangan kegiatan'!P39 -> 552400824 | J51: =H51+I51 -> 753400824 | K51: =SUM(D51:G51)+J51 -> 1712430046
B52: 26. | C52: Margoagung | D52: ='hitung siltap'!M51 -> 724500000 | E52: =ROUND('hitung siltap'!P51,0) -> 10077696 | F52: =ROUND('hitung siltap'!W51,0) -> 60930006 | G52: ='hitung siltap'!X51 -> 120750000 | H52: 201000000 | I52: ='hitung kewenangan kegiatan'!P40 -> 508698251 | J52: =H52+I52 -> 709698251 | K52: =SUM(D52:G52)+J52 -> 1625955953
B53: VI. | C53: MLATI
B54: 27. | C54: Sinduadi | D54: ='hitung siltap'!M53 -> 933300000 | E54: =ROUND('hitung siltap'!P53,0) -> 10077696 | F54: =ROUND('hitung siltap'!W53,0) -> 73959126 | G54: ='hitung siltap'!X53 -> 155550000 | H54: 201000000 | I54: ='hitung kewenangan kegiatan'!P43 -> 845577985 | J54: =H54+I54 -> 1046577985 | K54: =SUM(D54:G54)+J54 -> 2219464807
B55: 28. | C55: Sendangadi | D55: ='hitung siltap'!M54 -> 794100000 | E55: =ROUND('hitung siltap'!P54,0) -> 10077696 | F55: =ROUND('hitung siltap'!W54,0) -> 65273046 | G55: ='hitung siltap'!X54 -> 132350000 | H55: 201000000 | I55: ='hitung kewenangan kegiatan'!P44 -> 564253089 | J55: =H55+I55 -> 765253089 | K55: =SUM(D55:G55)+J55 -> 1767053831
B56: 29. | C56: Tlogoadi | D56: ='hitung siltap'!M55 -> 724500000 | E56: =ROUND('hitung siltap'!P55,0) -> 10077696 | F56: =ROUND('hitung siltap'!W55,0) -> 60930006 | G56: ='hitung siltap'!X55 -> 120750000 | H56: 201000000 | I56: ='hitung kewenangan kegiatan'!P45 -> 496182231 | J56: =H56+I56 -> 697182231 | K56: =SUM(D56:G56)+J56 -> 1613439933
B57: 30. | C57: Tirtoadi | D57: ='hitung siltap'!M56 -> 828900000 | E57: =ROUND('hitung siltap'!P56,0) -> 10077696 | F57: =ROUND('hitung siltap'!W56,0) -> 67444566 | G57: ='hitung siltap'!X56 -> 138150000 | H57: 201000000 | I57: ='hitung kewenangan kegiatan'!P46 -> 508344174 | J57: =H57+I57 -> 709344174 | K57: =SUM(D57:G57)+J57 -> 1753916436
B58: 31. | C58: Sumberadi | D58: ='hitung siltap'!M57 -> 828900000 | E58: =ROUND('hitung siltap'!P57,0) -> 10077696 | F58: =ROUND('hitung siltap'!W57,0) -> 67444566 | G58: ='hitung siltap'!X57 -> 138150000 | H58: 201000000 | I58: ='hitung kewenangan kegiatan'!P47 -> 598354502 | J58: =H58+I58 -> 799354502 | K58: =SUM(D58:G58)+J58 -> 1843926764
B59: VII. | C59: DEPOK
B60: 32. | C60: Caturtunggal | D60: ='hitung siltap'!M59 -> 1002900000 | E60: =ROUND('hitung siltap'!P59,0) -> 10077696 | F60: =ROUND('hitung siltap'!W59,0) -> 78302166 | G60: ='hitung siltap'!X59 -> 167150000 | H60: 201000000 | I60: ='hitung kewenangan kegiatan'!P50 -> 880035298 | J60: =H60+I60 -> 1081035298 | K60: =SUM(D60:G60)+J60 -> 2339465160
B61: 33. | C61: Maguwoharjo | D61: ='hitung siltap'!M60 -> 1002900000 | E61: =ROUND('hitung siltap'!P60,0) -> 10077696 | F61: =ROUND('hitung siltap'!W60,0) -> 78302166 | G61: ='hitung siltap'!X60 -> 167150000 | H61: 201000000 | I61: ='hitung kewenangan kegiatan'!P51 -> 941959198 | J61: =H61+I61 -> 1142959198 | K61: =SUM(D61:G61)+J61 -> 2401389060
B62: 34. | C62: Condongcatur | D62: ='hitung siltap'!M61 -> 933300000 | E62: =ROUND('hitung siltap'!P61,0) -> 10077696 | F62: =ROUND('hitung siltap'!W61,0) -> 73959126 | G62: ='hitung siltap'!X61 -> 155550000 | H62: 201000000 | I62: ='hitung kewenangan kegiatan'!P52 -> 851149831 | J62: =H62+I62 -> 1052149831 | K62: =SUM(D62:G62)+J62 -> 2225036653
B63: VIII. | C63: BERBAH
B64: 35. | C64: Sendangtirto | D64: ='hitung siltap'!M63 -> 933300000 | E64: =ROUND('hitung siltap'!P63,0) -> 10077696 | F64: =ROUND('hitung siltap'!W63,0) -> 73959126 | G64: ='hitung siltap'!X63 -> 155550000 | H64: 201000000 | I64: ='hitung kewenangan kegiatan'!P55 -> 610731637 | J64: =H64+I64 -> 811731637 | K64: =SUM(D64:G64)+J64 -> 1984618459
B65: 36. | C65: Tegaltirto | D65: ='hitung siltap'!M64 -> 794100000 | E65: =ROUND('hitung siltap'!P64,0) -> 10077696 | F65: =ROUND('hitung siltap'!W64,0) -> 65273046 | G65: ='hitung siltap'!X64 -> 132350000 | H65: 201000000 | I65: ='hitung kewenangan kegiatan'!P56 -> 502905747 | J65: =H65+I65 -> 703905747 | K65: =SUM(D65:G65)+J65 -> 1705706489
B66: 37. | C66: Kalitirto | D66: ='hitung siltap'!M65 -> 863700000 | E66: =ROUND('hitung siltap'!P65,0) -> 10077696 | F66: =ROUND('hitung siltap'!W65,0) -> 69616086 | G66: ='hitung siltap'!X65 -> 143950000 | H66: 201000000 | I66: ='hitung kewenangan kegiatan'!P57 -> 555623959 | J66: =H66+I66 -> 756623959 | K66: =SUM(D66:G66)+J66 -> 1843967741
B67: 38. | C67: Jogotirto | D67: ='hitung siltap'!M66 -> 654900000 | E67: =ROUND('hitung siltap'!P66,0) -> 10077696 | F67: =ROUND('hitung siltap'!W66,0) -> 56586966 | G67: ='hitung siltap'!X66 -> 109150000 | H67: 201000000 | I67: ='hitung kewenangan kegiatan'!P58 -> 439242064 | J67: =H67+I67 -> 640242064 | K67: =SUM(D67:G67)+J67 -> 1470956726
B68: IX. | C68: PRAMBANAN
B69: 39. | C69: Sumberharjo | D69: ='hitung siltap'!M68 -> 933300000 | E69: =ROUND('hitung siltap'!P68,0) -> 10077696 | F69: =ROUND('hitung siltap'!W68,0) -> 73959126 | G69: ='hitung siltap'!X68 -> 155550000 | H69: 201000000 | I69: ='hitung kewenangan kegiatan'!P61 -> 672077025 | J69: =H69+I69 -> 873077025 | K69: =SUM(D69:G69)+J69 -> 2045963847
B70: 40. | C70: Wukirharjo | D70: ='hitung siltap'!M69 -> 515700000 | E70: =ROUND('hitung siltap'!P69,0) -> 10077696 | F70: =ROUND('hitung siltap'!W69,0) -> 47900886 | G70: ='hitung siltap'!X69 -> 85950000 | H70: 114600000 | I70: ='hitung kewenangan kegiatan'!P62 -> 305802188 | J70: =H70+I70 -> 420402188 | K70: =SUM(D70:G70)+J70 -> 1080030770
B71: 41. | C71: Gayamharjo | D71: ='hitung siltap'!M70 -> 550500000 | E71: =ROUND('hitung siltap'!P70,0) -> 10077696 | F71: =ROUND('hitung siltap'!W70,0) -> 50072406 | G71: ='hitung siltap'!X70 -> 91750000 | H71: 157800000 | I71: ='hitung kewenangan kegiatan'!P63 -> 342421575 | J71: =H71+I71 -> 500221575 | K71: =SUM(D71:G71)+J71 -> 1202621677
B72: 42. | C72: Sambirejo | D72: ='hitung siltap'!M71 -> 585300000 | E72: =ROUND('hitung siltap'!P71,0) -> 10077696 | F72: =ROUND('hitung siltap'!W71,0) -> 52243926 | G72: ='hitung siltap'!X71 -> 97550000 | H72: 157800000 | I72: ='hitung kewenangan kegiatan'!P64 -> 408398459 | J72: =H72+I72 -> 566198459 | K72: =SUM(D72:G72)+J72 -> 1311370081
B73: 43. | C73: Madurejo | D73: ='hitung siltap'!M72 -> 863700000 | E73: =ROUND('hitung siltap'!P72,0) -> 10077696 | F73: =ROUND('hitung siltap'!W72,0) -> 69616086 | G73: ='hitung siltap'!X72 -> 143950000 | H73: 201000000 | I73: ='hitung kewenangan kegiatan'!P65 -> 597696978 | J73: =H73+I73 -> 798696978 | K73: =SUM(D73:G73)+J73 -> 1886040760
B74: 44. | C74: Bokoharjo | D74: ='hitung siltap'!M73 -> 759300000 | E74: =ROUND('hitung siltap'!P73,0) -> 10077696 | F74: =ROUND('hitung siltap'!W73,0) -> 63101526 | G74: ='hitung siltap'!X73 -> 126550000 | H74: 201000000 | I74: ='hitung kewenangan kegiatan'!P66 -> 450865796 | J74: =H74+I74 -> 651865796 | K74: =SUM(D74:G74)+J74 -> 1610895018
B75: X. | C75: KALASAN
B76: 45. | C76: Purwomartani | D76: ='hitung siltap'!M75 -> 1037700000 | E76: =ROUND('hitung siltap'!P75,0) -> 10077696 | F76: =ROUND('hitung siltap'!W75,0) -> 80473686 | G76: ='hitung siltap'!X75 -> 172950000 | H76: 201000000 | I76: ='hitung kewenangan kegiatan'!P69 -> 945432385 | J76: =H76+I76 -> 1146432385 | K76: =SUM(D76:G76)+J76 -> 2447633767
B77: 46. | C77: Tirtomartani | D77: ='hitung siltap'!M76 -> 898500000 | E77: =ROUND('hitung siltap'!P76,0) -> 10077696 | F77: =ROUND('hitung siltap'!W76,0) -> 71787606 | G77: ='hitung siltap'!X76 -> 149750000 | H77: 201000000 | I77: ='hitung kewenangan kegiatan'!P70 -> 625865574 | J77: =H77+I77 -> 826865574 | K77: =SUM(D77:G77)+J77 -> 1956980876
B78: 47. | C78: Tamanmartani | D78: ='hitung siltap'!M77 -> 1072500000 | E78: =ROUND('hitung siltap'!P77,0) -> 10077696 | F78: =ROUND('hitung siltap'!W77,0) -> 82645206 | G78: ='hitung siltap'!X77 -> 178750000 | H78: 201000000 | I78: ='hitung kewenangan kegiatan'!P71 -> 710814320 | J78: =H78+I78 -> 911814320 | K78: =SUM(D78:G78)+J78 -> 2255787222
B79: 48. | C79: Selomartani | D79: ='hitung siltap'!M78 -> 1002900000 | E79: =ROUND('hitung siltap'!P78,0) -> 10077696 | F79: =ROUND('hitung siltap'!W78,0) -> 78302166 | G79: ='hitung siltap'!X78 -> 167150000 | H79: 201000000 | I79: ='hitung kewenangan kegiatan'!P72 -> 658577241 | J79: =H79+I79 -> 859577241 | K79: =SUM(D79:G79)+J79 -> 2118007103
B80: XI. | C80: NGEMPLAK
B81: 49. | C81: Sindumartani | D81: ='hitung siltap'!M80 -> 689700000 | E81: =ROUND('hitung siltap'!P80,0) -> 10077696 | F81: =ROUND('hitung siltap'!W80,0) -> 58758486 | G81: ='hitung siltap'!X80 -> 114950000 | H81: 157800000 | I81: ='hitung kewenangan kegiatan'!P75 -> 403337074 | J81: =H81+I81 -> 561137074 | K81: =SUM(D81:G81)+J81 -> 1434623256
B82: 50. | C82: Bimomartani | D82: ='hitung siltap'!M81 -> 724500000 | E82: =ROUND('hitung siltap'!P81,0) -> 10077696 | F82: =ROUND('hitung siltap'!W81,0) -> 60930006 | G82: ='hitung siltap'!X81 -> 120750000 | H82: 157800000 | I82: ='hitung kewenangan kegiatan'!P76 -> 393979854 | J82: =H82+I82 -> 551779854 | K82: =SUM(D82:G82)+J82 -> 1468037556
B83: 51. | C83: Widodomartani | D83: ='hitung siltap'!M82 -> 968100000 | E83: =ROUND('hitung siltap'!P82,0) -> 10077696 | F83: =ROUND('hitung siltap'!W82,0) -> 76130646 | G83: ='hitung siltap'!X82 -> 161350000 | H83: 157800000 | I83: ='hitung kewenangan kegiatan'!P77 -> 481068732 | J83: =H83+I83 -> 638868732 | K83: =SUM(D83:G83)+J83 -> 1854527074
B84: 52. | C84: Wedomartani | D84: ='hitung siltap'!M83 -> 1176900000 | E84: =ROUND('hitung siltap'!P83,0) -> 10077696 | F84: =ROUND('hitung siltap'!W83,0) -> 89159766 | G84: ='hitung siltap'!X83 -> 196150000 | H84: 201000000 | I84: ='hitung kewenangan kegiatan'!P78 -> 880115765 | J84: =H84+I84 -> 1081115765 | K84: =SUM(D84:G84)+J84 -> 2553403227
B85: 53. | C85: Umbulmartani | D85: ='hitung siltap'!M84 -> 828900000 | E85: =ROUND('hitung siltap'!P84,0) -> 10077696 | F85: =ROUND('hitung siltap'!W84,0) -> 67444566 | G85: ='hitung siltap'!X84 -> 138150000 | H85: 201000000 | I85: ='hitung kewenangan kegiatan'!P79 -> 427363703 | J85: =H85+I85 -> 628363703 | K85: =SUM(D85:G85)+J85 -> 1672935965
B86: XII. | C86: NGAGLIK
B87: 54. | C87: Sariharjo | D87: ='hitung siltap'!M86 -> 863700000 | E87: =ROUND('hitung siltap'!P86,0) -> 10077696 | F87: =ROUND('hitung siltap'!W86,0) -> 69616086 | G87: ='hitung siltap'!X86 -> 143950000 | H87: 201000000 | I87: ='hitung kewenangan kegiatan'!P82 -> 566562815 | J87: =H87+I87 -> 767562815 | K87: =SUM(D87:G87)+J87 -> 1854906597
B88: 55. | C88: Minomartani | D88: ='hitung siltap'!M87 -> 515700000 | E88: =ROUND('hitung siltap'!P87,0) -> 10077696 | F88: =ROUND('hitung siltap'!W87,0) -> 47900886 | G88: ='hitung siltap'!X87 -> 85950000 | H88: 201000000 | I88: ='hitung kewenangan kegiatan'!P83 -> 274433182 | J88: =H88+I88 -> 475433182 | K88: =SUM(D88:G88)+J88 -> 1135061764
B89: 56. | C89: Sinduharjo | D89: ='hitung siltap'!M88 -> 898500000 | E89: =ROUND('hitung siltap'!P88,0) -> 10077696 | F89: =ROUND('hitung siltap'!W88,0) -> 71787606 | G89: ='hitung siltap'!X88 -> 149750000 | H89: 201000000 | I89: ='hitung kewenangan kegiatan'!P84 -> 573626447 | J89: =H89+I89 -> 774626447 | K89: =SUM(D89:G89)+J89 -> 1904741749
B90: 57. | C90: Sukoharjo | D90: ='hitung siltap'!M89 -> 794100000 | E90: =ROUND('hitung siltap'!P89,0) -> 10077696 | F90: =ROUND('hitung siltap'!W89,0) -> 65273046 | G90: ='hitung siltap'!X89 -> 132350000 | H90: 201000000 | I90: ='hitung kewenangan kegiatan'!P85 -> 570793262 | J90: =H90+I90 -> 771793262 | K90: =SUM(D90:G90)+J90 -> 1773594004
B91: 58. | C91: Sardonoharjo | D91: ='hitung siltap'!M90 -> 933300000 | E91: =ROUND('hitung siltap'!P90,0) -> 10077696 | F91: =ROUND('hitung siltap'!W90,0) -> 73959126 | G91: ='hitung siltap'!X90 -> 155550000 | H91: 201000000 | I91: ='hitung kewenangan kegiatan'!P86 -> 691722171 | J91: =H91+I91 -> 892722171 | K91: =SUM(D91:G91)+J91 -> 2065608993
B92: 59. | C92: Donoharjo | D92: ='hitung siltap'!M91 -> 863700000 | E92: =ROUND('hitung siltap'!P91,0) -> 10077696 | F92: =ROUND('hitung siltap'!W91,0) -> 69616086 | G92: ='hitung siltap'!X91 -> 143950000 | H92: 201000000 | I92: ='hitung kewenangan kegiatan'!P87 -> 508544559 | J92: =H92+I92 -> 709544559 | K92: =SUM(D92:G92)+J92 -> 1796888341
B93: XIII. | C93: SLEMAN
B94: 60. | C94: Caturharjo | D94: ='hitung siltap'!M93 -> 1002900000 | E94: =ROUND('hitung siltap'!P93,0) -> 10077696 | F94: =ROUND('hitung siltap'!W93,0) -> 78302166 | G94: ='hitung siltap'!X93 -> 167150000 | H94: 201000000 | I94: ='hitung kewenangan kegiatan'!P90 -> 645894998 | J94: =H94+I94 -> 846894998 | K94: =SUM(D94:G94)+J94 -> 2105324860
B95: 61. | C95: Triharjo | D95: ='hitung siltap'!M94 -> 724500000 | E95: =ROUND('hitung siltap'!P94,0) -> 10077696 | F95: =ROUND('hitung siltap'!W94,0) -> 60930006 | G95: ='hitung siltap'!X94 -> 120750000 | H95: 201000000 | I95: ='hitung kewenangan kegiatan'!P91 -> 560966462 | J95: =H95+I95 -> 761966462 | K95: =SUM(D95:G95)+J95 -> 1678224164
B96: 62. | C96: Tridadi | D96: ='hitung siltap'!M95 -> 828900000 | E96: =ROUND('hitung siltap'!P95,0) -> 10077696 | F96: =ROUND('hitung siltap'!W95,0) -> 67444566 | G96: ='hitung siltap'!X95 -> 138150000 | H96: 201000000 | I96: ='hitung kewenangan kegiatan'!P92 -> 504250875 | J96: =H96+I96 -> 705250875 | K96: =SUM(D96:G96)+J96 -> 1749823137
B97: 63. | C97: Pandowoharjo | D97: ='hitung siltap'!M96 -> 1072500000 | E97: =ROUND('hitung siltap'!P96,0) -> 10077696 | F97: =ROUND('hitung siltap'!W96,0) -> 82645206 | G97: ='hitung siltap'!X96 -> 178750000 | H97: 201000000 | I97: ='hitung kewenangan kegiatan'!P93 -> 618351064 | J97: =H97+I97 -> 819351064 | K97: =SUM(D97:G97)+J97 -> 2163323966
B98: 64. | C98: Trimulyo | D98: ='hitung siltap'!M97 -> 794100000 | E98: =ROUND('hitung siltap'!P97,0) -> 10077696 | F98: =ROUND('hitung siltap'!W97,0) -> 65273046 | G98: ='hitung siltap'!X97 -> 132350000 | H98: 201000000 | I98: ='hitung kewenangan kegiatan'!P94 -> 481415798 | J98: =H98+I98 -> 682415798 | K98: =SUM(D98:G98)+J98 -> 1684216540
B99: XIV. | C99: TEMPEL
B100: 65. | C100: Banyurejo | D100: ='hitung siltap'!M99 -> 794100000 | E100: =ROUND('hitung siltap'!P99,0) -> 10077696 | F100: =ROUND('hitung siltap'!W99,0) -> 65273046 | G100: ='hitung siltap'!X99 -> 132350000 | H100: 157800000 | I100: ='hitung kewenangan kegiatan'!P97 -> 438520519 | J100: =H100+I100 -> 596320519 | K100: =SUM(D100:G100)+J100 -> 1598121261
B101: 66. | C101: Tambakrejo | D101: ='hitung siltap'!M100 -> 689700000 | E101: =ROUND('hitung siltap'!P100,0) -> 10077696 | F101: =ROUND('hitung siltap'!W100,0) -> 58758486 | G101: ='hitung siltap'!X100 -> 114950000 | H101: 157800000 | I101: ='hitung kewenangan kegiatan'!P98 -> 333653666 | J101: =H101+I101 -> 491453666 | K101: =SUM(D101:G101)+J101 -> 1364939848
B102: 67. | C102: Sumberrejo | D102: ='hitung siltap'!M101 -> 654900000 | E102: =ROUND('hitung siltap'!P101,0) -> 10077696 | F102: =ROUND('hitung siltap'!W101,0) -> 56586966 | G102: ='hitung siltap'!X101 -> 109150000 | H102: 157800000 | I102: ='hitung kewenangan kegiatan'!P99 -> 306035642 | J102: =H102+I102 -> 463835642 | K102: =SUM(D102:G102)+J102 -> 1294550304
B103: 68. | C103: Pondokrejo | D103: ='hitung siltap'!M102 -> 620100000 | E103: =ROUND('hitung siltap'!P102,0) -> 10077696 | F103: =ROUND('hitung siltap'!W102,0) -> 54415446 | G103: ='hitung siltap'!X102 -> 103350000 | H103: 157800000 | I103: ='hitung kewenangan kegiatan'!P100 -> 342612030 | J103: =H103+I103 -> 500412030 | K103: =SUM(D103:G103)+J103 -> 1288355172
B104: 69. | C104: Mororejo | D104: ='hitung siltap'!M103 -> 759300000 | E104: =ROUND('hitung siltap'!P103,0) -> 10077696 | F104: =ROUND('hitung siltap'!W103,0) -> 63101526 | G104: ='hitung siltap'!X103 -> 126550000 | H104: 157800000 | I104: ='hitung kewenangan kegiatan'!P101 -> 360228513 | J104: =H104+I104 -> 518028513 | K104: =SUM(D104:G104)+J104 -> 1477057735
...

Sheet lamp. sk
A5: BESARAN ALOKASI DANA DESA TAHUN ANGGARAN 2026
A7: NO | B7: KAPANEWON/ | C7: ALOKASI DANA DESA
C8: (Rp)
B9: KALURAHAN | C9: PENGHASILAN TETAP | D9: BPJS KESEHATAN | E9: BPJS KETENAGAKERJAAN | F9: KEBIJAKAN | G9: KEWENANGAN | H9: JUMLAH
A11: 1 | B11: 2 | C11: 3 | D11: 4 | E11: 5 | F11: 6 | G11: 7 | H11: 8
A12: I. | B12: GAMPING
A13: 1. | B13: Balecatur | C13: ='rekap hitungan'!D23 -> 933300000 | D13: ='rekap hitungan'!E23 -> 10077696 | E13: ='rekap hitungan'!F23 -> 73959126 | F13: ='rekap hitungan'!G23 -> 155550000 | G13: ='rekap hitungan'!J23 -> 890919442 | H13: =SUM(C13:G13) -> 2063806264
A14: 2. | B14: Ambarketawang | C14: ='rekap hitungan'!D24 -> 759300000 | D14: ='rekap hitungan'!E24 -> 10077696 | E14: ='rekap hitungan'!F24 -> 63101526 | F14: ='rekap hitungan'!G24 -> 126550000 | G14: ='rekap hitungan'!J24 -> 823226824 | H14: =SUM(C14:G14) -> 1782256046
A15: 3. | B15: Banyuraden | C15: ='rekap hitungan'!D25 -> 585300000 | D15: ='rekap hitungan'!E25 -> 10077696 | E15: ='rekap hitungan'!F25 -> 52243926 | F15: ='rekap hitungan'!G25 -> 97550000 | G15: ='rekap hitungan'!J25 -> 652329140 | H15: =SUM(C15:G15) -> 1397500762
A16: 4. | B16: Nogotirto | C16: ='rekap hitungan'!D26 -> 585300000 | D16: ='rekap hitungan'!E26 -> 10077696 | E16: ='rekap hitungan'!F26 -> 52243926 | F16: ='rekap hitungan'!G26 -> 97550000 | G16: ='rekap hitungan'!J26 -> 641641099 | H16: =SUM(C16:G16) -> 1386812721
A17: 5. | B17: Trihanggo | C17: ='rekap hitungan'!D27 -> 724500000 | D17: ='rekap hitungan'!E27 -> 10077696 | E17: ='rekap hitungan'!F27 -> 60930006 | F17: ='rekap hitungan'!G27 -> 120750000 | G17: ='rekap hitungan'!J27 -> 750112626 | H17: =SUM(C17:G17) -> 1666370328
A18: II. | B18: GODEAN
A19: 6. | B19: Sidorejo | C19: ='rekap hitungan'!D29 -> 759300000 | D19: ='rekap hitungan'!E29 -> 10077696 | E19: ='rekap hitungan'!F29 -> 63101526 | F19: ='rekap hitungan'!G29 -> 126550000 | G19: ='rekap hitungan'!J29 -> 587711810 | H19: =SUM(C19:G19) -> 1546741032
A20: 7. | B20: Sidoluhur | C20: ='rekap hitungan'!D30 -> 828900000 | D20: ='rekap hitungan'!E30 -> 10077696 | E20: ='rekap hitungan'!F30 -> 67444566 | F20: ='rekap hitungan'!G30 -> 138150000 | G20: ='rekap hitungan'!J30 -> 677931989 | H20: =SUM(C20:G20) -> 1722504251
A21: 8. | B21: Sidomulyo | C21: ='rekap hitungan'!D31 -> 585300000 | D21: ='rekap hitungan'!E31 -> 10077696 | E21: ='rekap hitungan'!F31 -> 52243926 | F21: ='rekap hitungan'!G31 -> 97550000 | G21: ='rekap hitungan'!J31 -> 454637003 | H21: =SUM(C21:G21) -> 1199808625
A22: 9. | B22: Sidoagung | C22: ='rekap hitungan'!D32 -> 585300000 | D22: ='rekap hitungan'!E32 -> 10077696 | E22: ='rekap hitungan'!F32 -> 52243926 | F22: ='rekap hitungan'!G32 -> 97550000 | G22: ='rekap hitungan'!J32 -> 553280244 | H22: =SUM(C22:G22) -> 1298451866
A23: 10. | B23: Sidokarto | C23: ='rekap hitungan'!D33 -> 794100000 | D23: ='rekap hitungan'!E33 -> 10077696 | E23: ='rekap hitungan'!F33 -> 65273046 | F23: ='rekap hitungan'!G33 -> 132350000 | G23: ='rekap hitungan'!J33 -> 673341159 | H23: =SUM(C23:G23) -> 1675141901
A24: 11. | B24: Sidoarum | C24: ='rekap hitungan'!D34 -> 585300000 | D24: ='rekap hitungan'!E34 -> 10077696 | E24: ='rekap hitungan'!F34 -> 52243926 | F24: ='rekap hitungan'!G34 -> 97550000 | G24: ='rekap hitungan'!J34 -> 673317611 | H24: =SUM(C24:G24) -> 1418489233
A25: 12. | B25: Sidomoyo | C25: ='rekap hitungan'!D35 -> 689700000 | D25: ='rekap hitungan'!E35 -> 10077696 | E25: ='rekap hitungan'!F35 -> 58758486 | F25: ='rekap hitungan'!G35 -> 114950000 | G25: ='rekap hitungan'!J35 -> 535025642 | H25: =SUM(C25:G25) -> 1408511824
A26: III. | B26: MOYUDAN
A27: 1 | B27: 2 | C27: 3 | D27: 4 | E27: 5 | F27: 6 | G27: 7 | H27: 8
A28: 13. | B28: Sumberrahayu | C28: ='rekap hitungan'!D37 -> 828900000 | D28: ='rekap hitungan'!E37 -> 10077696 | E28: ='rekap hitungan'!F37 -> 67444566 | F28: ='rekap hitungan'!G37 -> 138150000 | G28: ='rekap hitungan'!J37 -> 601002847 | H28: =SUM(C28:G28) -> 1645575109
A29: 14. | B29: Sumbersari | C29: ='rekap hitungan'!D38 -> 759300000 | D29: ='rekap hitungan'!E38 -> 10077696 | E29: ='rekap hitungan'!F38 -> 63101526 | F29: ='rekap hitungan'!G38 -> 126550000 | G29: ='rekap hitungan'!J38 -> 636120813 | H29: =SUM(C29:G29) -> 1595150035
A30: 15. | B30: Sumberagung | C30: ='rekap hitungan'!D39 -> 1037700000 | D30: ='rekap hitungan'!E39 -> 10077696 | E30: ='rekap hitungan'!F39 -> 80473686 | F30: ='rekap hitungan'!G39 -> 172950000 | G30: ='rekap hitungan'!J39 -> 813640508 | H30: =SUM(C30:G30) -> 2114841890
A31: 16. | B31: Sumberarum | C31: ='rekap hitungan'!D40 -> 863700000 | D31: ='rekap hitungan'!E40 -> 10077696 | E31: ='rekap hitungan'!F40 -> 69616086 | F31: ='rekap hitungan'!G40 -> 143950000 | G31: ='rekap hitungan'!J40 -> 645713013 | H31: =SUM(C31:G31) -> 1733056795
A32: IV. | B32: MINGGIR
A33: 17. | B33: Sendangarum | C33: ='rekap hitungan'!D42 -> 620100000 | D33: ='rekap hitungan'!E42 -> 10077696 | E33: ='rekap hitungan'!F42 -> 54415446 | F33: ='rekap hitungan'!G42 -> 103350000 | G33: ='rekap hitungan'!J42 -> 362525306 | H33: =SUM(C33:G33) -> 1150468448
A34: 18. | B34: Sendangmulyo | C34: ='rekap hitungan'!D43 -> 863700000 | D34: ='rekap hitungan'!E43 -> 10077696 | E34: ='rekap hitungan'!F43 -> 69616086 | F34: ='rekap hitungan'!G43 -> 143950000 | G34: ='rekap hitungan'!J43 -> 634947163 | H34: =SUM(C34:G34) -> 1722290945
A35: 19. | B35: Sendangagung | C35: ='rekap hitungan'!D44 -> 828900000 | D35: ='rekap hitungan'!E44 -> 10077696 | E35: ='rekap hitungan'!F44 -> 67444566 | F35: ='rekap hitungan'!G44 -> 138150000 | G35: ='rekap hitungan'!J44 -> 659941725 | H35: =SUM(C35:G35) -> 1704513987
A36: 20. | B36: Sendangsari | C36: ='rekap hitungan'!D45 -> 724500000 | D36: ='rekap hitungan'!E45 -> 10077696 | E36: ='rekap hitungan'!F45 -> 60930006 | F36: ='rekap hitungan'!G45 -> 120750000 | G36: ='rekap hitungan'!J45 -> 527793542 | H36: =SUM(C36:G36) -> 1444051244
A37: 21. | B37: Sendangrejo | C37: ='rekap hitungan'!D46 -> 863700000 | D37: ='rekap hitungan'!E46 -> 10077696 | E37: ='rekap hitungan'!F46 -> 69616086 | F37: ='rekap hitungan'!G46 -> 143950000 | G37: ='rekap hitungan'!J46 -> 699401426 | H37: =SUM(C37:G37) -> 1786745208
A38: V. | B38: SEYEGAN
A39: 22. | B39: Margoluwih | C39: ='rekap hitungan'!D48 -> 794100000 | D39: ='rekap hitungan'!E48 -> 10077696 | E39: ='rekap hitungan'!F48 -> 65273046 | F39: ='rekap hitungan'!G48 -> 132350000 | G39: ='rekap hitungan'!J48 -> 735990555 | H39: =SUM(C39:G39) -> 1737791297
A40: 23. | B40: Margodadi | C40: ='rekap hitungan'!D49 -> 863700000 | D40: ='rekap hitungan'!E49 -> 10077696 | E40: ='rekap hitungan'!F49 -> 69616086 | F40: ='rekap hitungan'!G49 -> 143950000 | G40: ='rekap hitungan'!J49 -> 713142572 | H40: =SUM(C40:G40) -> 1800486354
A41: 24. | B41: Margokaton | C41: ='rekap hitungan'!D50 -> 724500000 | D41: ='rekap hitungan'!E50 -> 10077696 | E41: ='rekap hitungan'!F50 -> 60930006 | F41: ='rekap hitungan'!G50 -> 120750000 | G41: ='rekap hitungan'!J50 -> 585910234 | H41: =SUM(C41:G41) -> 1502167936
A42: 25. | B42: Margomulyo | C42: ='rekap hitungan'!D51 -> 759300000 | D42: ='rekap hitungan'!E51 -> 10077696 | E42: ='rekap hitungan'!F51 -> 63101526 | F42: ='rekap hitungan'!G51 -> 126550000 | G42: ='rekap hitungan'!J51 -> 753400824 | H42: =SUM(C42:G42) -> 1712430046
A43: 26. | B43: Margoagung | C43: ='rekap hitungan'!D52 -> 724500000 | D43: ='rekap hitungan'!E52 -> 10077696 | E43: ='rekap hitungan'!F52 -> 60930006 | F43: ='rekap hitungan'!G52 -> 120750000 | G43: ='rekap hitungan'!J52 -> 709698251 | H43: =SUM(C43:G43) -> 1625955953
A44: VI. | B44: MLATI
A45: 27. | B45: Sinduadi | C45: ='rekap hitungan'!D54 -> 933300000 | D45: ='rekap hitungan'!E54 -> 10077696 | E45: ='rekap hitungan'!F54 -> 73959126 | F45: ='rekap hitungan'!G54 -> 155550000 | G45: ='rekap hitungan'!J54 -> 1046577985 | H45: =SUM(C45:G45) -> 2219464807
A46: 28. | B46: Sendangadi | C46: ='rekap hitungan'!D55 -> 794100000 | D46: ='rekap hitungan'!E55 -> 10077696 | E46: ='rekap hitungan'!F55 -> 65273046 | F46: ='rekap hitungan'!G55 -> 132350000 | G46: ='rekap hitungan'!J55 -> 765253089 | H46: =SUM(C46:G46) -> 1767053831
A47: 29. | B47: Tlogoadi | C47: ='rekap hitungan'!D56 -> 724500000 | D47: ='rekap hitungan'!E56 -> 10077696 | E47: ='rekap hitungan'!F56 -> 60930006 | F47: ='rekap hitungan'!G56 -> 120750000 | G47: ='rekap hitungan'!J56 -> 697182231 | H47: =SUM(C47:G47) -> 1613439933
A48: 30. | B48: Tirtoadi | C48: ='rekap hitungan'!D57 -> 828900000 | D48: ='rekap hitungan'!E57 -> 10077696 | E48: ='rekap hitungan'!F57 -> 67444566 | F48: ='rekap hitungan'!G57 -> 138150000 | G48: ='rekap hitungan'!J57 -> 709344174 | H48: =SUM(C48:G48) -> 1753916436
A49: 1 | B49: 2 | C49: 3 | D49: 4 | E49: 5 | F49: 6 | G49: 7 | H49: 8
A50: 31. | B50: Sumberadi | C50: ='rekap hitungan'!D58 -> 828900000 | D50: ='rekap hitungan'!E58 -> 10077696 | E50: ='rekap hitungan'!F58 -> 67444566 | F50: ='rekap hitungan'!G58 -> 138150000 | G50: ='rekap hitungan'!J58 -> 799354502 | H50: =SUM(C50:G50) -> 1843926764
A51: VII. | B51: DEPOK
A52: 32. | B52: Caturtunggal | C52: ='rekap hitungan'!D60 -> 1002900000 | D52: ='rekap hitungan'!E60 -> 10077696 | E52: ='rekap hitungan'!F60 -> 78302166 | F52: ='rekap hitungan'!G60 -> 167150000 | G52: ='rekap hitungan'!J60 -> 1081035298 | H52: =SUM(C52:G52) -> 2339465160
A53: 33. | B53: Maguwoharjo | C53: ='rekap hitungan'!D61 -> 1002900000 | D53: ='rekap hitungan'!E61 -> 10077696 | E53: ='rekap hitungan'!F61 -> 78302166 | F53: ='rekap hitungan'!G61 -> 167150000 | G53: ='rekap hitungan'!J61 -> 1142959198 | H53: =SUM(C53:G53) -> 2401389060
A54: 34. | B54: Condongcatur | C54: ='rekap hitungan'!D62 -> 933300000 | D54: ='rekap hitungan'!E62 -> 10077696 | E54: ='rekap hitungan'!F62 -> 73959126 | F54: ='rekap hitungan'!G62 -> 155550000 | G54: ='rekap hitungan'!J62 -> 1052149831 | H54: =SUM(C54:G54) -> 2225036653
A55: VIII. | B55: BERBAH
A56: 35. | B56: Sendangtirto | C56: ='rekap hitungan'!D64 -> 933300000 | D56: ='rekap hitungan'!E64 -> 10077696 | E56: ='rekap hitungan'!F64 -> 73959126 | F56: ='rekap hitungan'!G64 -> 155550000 | G56: ='rekap hitungan'!J64 -> 811731637 | H56: =SUM(C56:G56) -> 1984618459
A57: 36. | B57: Tegaltirto | C57: ='rekap hitungan'!D65 -> 794100000 | D57: ='rekap hitungan'!E65 -> 10077696 | E57: ='rekap hitungan'!F65 -> 65273046 | F57: ='rekap hitungan'!G65 -> 132350000 | G57: ='rekap hitungan'!J65 -> 703905747 | H57: =SUM(C57:G57) -> 1705706489
A58: 37. | B58: Kalitirto | C58: ='rekap hitungan'!D66 -> 863700000 | D58: ='rekap hitungan'!E66 -> 10077696 | E58: ='rekap hitungan'!F66 -> 69616086 | F58: ='rekap hitungan'!G66 -> 143950000 | G58: ='rekap hitungan'!J66 -> 756623959 | H58: =SUM(C58:G58) -> 1843967741
A59: 38. | B59: Jogotirto | C59: ='rekap hitungan'!D67 -> 654900000 | D59: ='rekap hitungan'!E67 -> 10077696 | E59: ='rekap hitungan'!F67 -> 56586966 | F59: ='rekap hitungan'!G67 -> 109150000 | G59: ='rekap hitungan'!J67 -> 640242064 | H59: =SUM(C59:G59) -> 1470956726
A60: IX. | B60: PRAMBANAN
A61: 39. | B61: Sumberharjo | C61: ='rekap hitungan'!D69 -> 933300000 | D61: ='rekap hitungan'!E69 -> 10077696 | E61: ='rekap hitungan'!F69 -> 73959126 | F61: ='rekap hitungan'!G69 -> 155550000 | G61: ='rekap hitungan'!J69 -> 873077025 | H61: =SUM(C61:G61) -> 2045963847
A62: 40. | B62: Wukirharjo | C62: ='rekap hitungan'!D70 -> 515700000 | D62: ='rekap hitungan'!E70 -> 10077696 | E62: ='rekap hitungan'!F70 -> 47900886 | F62: ='rekap hitungan'!G70 -> 85950000 | G62: ='rekap hitungan'!J70 -> 420402188 | H62: =SUM(C62:G62) -> 1080030770
A63: 41. | B63: Gayamharjo | C63: ='rekap hitungan'!D71 -> 550500000 | D63: ='rekap hitungan'!E71 -> 10077696 | E63: ='rekap hitungan'!F71 -> 50072406 | F63: ='rekap hitungan'!G71 -> 91750000 | G63: ='rekap hitungan'!J71 -> 500221575 | H63: =SUM(C63:G63) -> 1202621677
A64: 42. | B64: Sambirejo | C64: ='rekap hitungan'!D72 -> 585300000 | D64: ='rekap hitungan'!E72 -> 10077696 | E64: ='rekap hitungan'!F72 -> 52243926 | F64: ='rekap hitungan'!G72 -> 97550000 | G64: ='rekap hitungan'!J72 -> 566198459 | H64: =SUM(C64:G64) -> 1311370081
A65: 43. | B65: Madurejo | C65: ='rekap hitungan'!D73 -> 863700000 | D65: ='rekap hitungan'!E73 -> 10077696 | E65: ='rekap hitungan'!F73 -> 69616086 | F65: ='rekap hitungan'!G73 -> 143950000 | G65: ='rekap hitungan'!J73 -> 798696978 | H65: =SUM(C65:G65) -> 1886040760
A66: 44. | B66: Bokoharjo | C66: ='rekap hitungan'!D74 -> 759300000 | D66: ='rekap hitungan'!E74 -> 10077696 | E66: ='rekap hitungan'!F74 -> 63101526 | F66: ='rekap hitungan'!G74 -> 126550000 | G66: ='rekap hitungan'!J74 -> 651865796 | H66: =SUM(C66:G66) -> 1610895018
A67: X. | B67: KALASAN
A68: 45. | B68: Purwomartani | C68: ='rekap hitungan'!D76 -> 1037700000 | D68: ='rekap hitungan'!E76 -> 10077696 | E68: ='rekap hitungan'!F76 -> 80473686 | F68: ='rekap hitungan'!G76 -> 172950000 | G68: ='rekap hitungan'!J76 -> 1146432385 | H68: =SUM(C68:G68) -> 2447633767
A69: 46. | B69: Tirtomartani | C69: ='rekap hitungan'!D77 -> 898500000 | D69: ='rekap hitungan'!E77 -> 10077696 | E69: ='rekap hitungan'!F77 -> 71787606 | F69: ='rekap hitungan'!G77 -> 149750000 | G69: ='rekap hitungan'!J77 -> 826865574 | H69: =SUM(C69:G69) -> 1956980876
A70: 47. | B70: Tamanmartani | C70: ='rekap hitungan'!D78 -> 1072500000 | D70: ='rekap hitungan'!E78 -> 10077696 | E70: ='rekap hitungan'!F78 -> 82645206 | F70: ='rekap hitungan'!G78 -> 178750000 | G70: ='rekap hitungan'!J78 -> 911814320 | H70: =SUM(C70:G70) -> 2255787222
A71: 1 | B71: 2 | C71: 3 | D71: 4 | E71: 5 | F71: 6 | G71: 7 | H71: 8
A72: 48. | B72: Selomartani | C72: ='rekap hitungan'!D79 -> 1002900000 | D72: ='rekap hitungan'!E79 -> 10077696 | E72: ='rekap hitungan'!F79 -> 78302166 | F72: ='rekap hitungan'!G79 -> 167150000 | G72: ='rekap hitungan'!J79 -> 859577241 | H72: =SUM(C72:G72) -> 2118007103
A73: XI. | B73: NGEMPLAK
A74: 49. | B74: Sindumartani | C74: ='rekap hitungan'!D81 -> 689700000 | D74: ='rekap hitungan'!E81 -> 10077696 | E74: ='rekap hitungan'!F81 -> 58758486 | F74: ='rekap hitungan'!G81 -> 114950000 | G74: ='rekap hitungan'!J81 -> 561137074 | H74: =SUM(C74:G74) -> 1434623256
A75: 50. | B75: Bimomartani | C75: ='rekap hitungan'!D82 -> 724500000 | D75: ='rekap hitungan'!E82 -> 10077696 | E75: ='rekap hitungan'!F82 -> 60930006 | F75: ='rekap hitungan'!G82 -> 120750000 | G75: ='rekap hitungan'!J82 -> 551779854 | H75: =SUM(C75:G75) -> 1468037556
A76: 51. | B76: Widodomartani | C76: ='rekap hitungan'!D83 -> 968100000 | D76: ='rekap hitungan'!E83 -> 10077696 | E76: ='rekap hitungan'!F83 -> 76130646 | F76: ='rekap hitungan'!G83 -> 161350000 | G76: ='rekap hitungan'!J83 -> 638868732 | H76: =SUM(C76:G76) -> 1854527074
A77: 52. | B77: Wedomartani | C77: ='rekap hitungan'!D84 -> 1176900000 | D77: ='rekap hitungan'!E84 -> 10077696 | E77: ='rekap hitungan'!F84 -> 89159766 | F77: ='rekap hitungan'!G84 -> 196150000 | G77: ='rekap hitungan'!J84 -> 1081115765 | H77: =SUM(C77:G77) -> 2553403227
A78: 53. | B78: Umbulmartani | C78: ='rekap hitungan'!D85 -> 828900000 | D78: ='rekap hitungan'!E85 -> 10077696 | E78: ='rekap hitungan'!F85 -> 67444566 | F78: ='rekap hitungan'!G85 -> 138150000 | G78: ='rekap hitungan'!J85 -> 628363703 | H78: =SUM(C78:G78) -> 1672935965
A79: XII. | B79: NGAGLIK
A80: 54. | B80: Sariharjo | C80: ='rekap hitungan'!D87 -> 863700000 | D80: ='rekap hitungan'!E87 -> 10077696 | E80: ='rekap hitungan'!F87 -> 69616086 | F80: ='rekap hitungan'!G87 -> 143950000 | G80: ='rekap hitungan'!J87 -> 767562815 | H80: =SUM(C80:G80) -> 1854906597
A81: 55. | B81: Minomartani | C81: ='rekap hitungan'!D88 -> 515700000 | D81: ='rekap hitungan'!E88 -> 10077696 | E81: ='rekap hitungan'!F88 -> 47900886 | F81: ='rekap hitungan'!G88 -> 85950000 | G81: ='rekap hitungan'!J88 -> 475433182 | H81: =SUM(C81:G81) -> 1135061764
A82: 56. | B82: Sinduharjo | C82: ='rekap hitungan'!D89 -> 898500000 | D82: ='rekap hitungan'!E89 -> 10077696 | E82: ='rekap hitungan'!F89 -> 71787606 | F82: ='rekap hitungan'!G89 -> 149750000 | G82: ='rekap hitungan'!J89 -> 774626447 | H82: =SUM(C82:G82) -> 1904741749
A83: 57. | B83: Sukoharjo | C83: ='rekap hitungan'!D90 -> 794100000 | D83: ='rekap hitungan'!E90 -> 10077696 | E83: ='rekap hitungan'!F90 -> 65273046 | F83: ='rekap hitungan'!G90 -> 132350000 | G83: ='rekap hitungan'!J90 -> 771793262 | H83: =SUM(C83:G83) -> 1773594004
A84: 58. | B84: Sardonoharjo | C84: ='rekap hitungan'!D91 -> 933300000 | D84: ='rekap hitungan'!E91 -> 10077696 | E84: ='rekap hitungan'!F91 -> 73959126 | F84: ='rekap hitungan'!G91 -> 155550000 | G84: ='rekap hitungan'!J91 -> 892722171 | H84: =SUM(C84:G84) -> 2065608993
A85: 59. | B85: Donoharjo | C85: ='rekap hitungan'!D92 -> 863700000 | D85: ='rekap hitungan'!E92 -> 10077696 | E85: ='rekap hitungan'!F92 -> 69616086 | F85: ='rekap hitungan'!G92 -> 143950000 | G85: ='rekap hitungan'!J92 -> 709544559 | H85: =SUM(C85:G85) -> 1796888341
A86: XIII. | B86: SLEMAN
A87: 60. | B87: Caturharjo | C87: ='rekap hitungan'!D94 -> 1002900000 | D87: ='rekap hitungan'!E94 -> 10077696 | E87: ='rekap hitungan'!F94 -> 78302166 | F87: ='rekap hitungan'!G94 -> 167150000 | G87: ='rekap hitungan'!J94 -> 846894998 | H87: =SUM(C87:G87) -> 2105324860
A88: 61. | B88: Triharjo | C88: ='rekap hitungan'!D95 -> 724500000 | D88: ='rekap hitungan'!E95 -> 10077696 | E88: ='rekap hitungan'!F95 -> 60930006 | F88: ='rekap hitungan'!G95 -> 120750000 | G88: ='rekap hitungan'!J95 -> 761966462 | H88: =SUM(C88:G88) -> 1678224164
A89: 62. | B89: Tridadi | C89: ='rekap hitungan'!D96 -> 828900000 | D89: ='rekap hitungan'!E96 -> 10077696 | E89: ='rekap hitungan'!F96 -> 67444566 | F89: ='rekap hitungan'!G96 -> 138150000 | G89: ='rekap hitungan'!J96 -> 705250875 | H89: =SUM(C89:G89) -> 1749823137
A90: 63. | B90: Pandowoharjo | C90: ='rekap hitungan'!D97 -> 1072500000 | D90: ='rekap hitungan'!E97 -> 10077696 | E90: ='rekap hitungan'!F97 -> 82645206 | F90: ='rekap hitungan'!G97 -> 178750000 | G90: ='rekap hitungan'!J97 -> 819351064 | H90: =SUM(C90:G90) -> 2163323966
A91: 64. | B91: Trimulyo | C91: ='rekap hitungan'!D98 -> 794100000 | D91: ='rekap hitungan'!E98 -> 10077696 | E91: ='rekap hitungan'!F98 -> 65273046 | F91: ='rekap hitungan'!G98 -> 132350000 | G91: ='rekap hitungan'!J98 -> 682415798 | H91: =SUM(C91:G91) -> 1684216540
A92: XIV. | B92: TEMPEL
A93: 1 | B93: 2 | C93: 3 | D93: 4 | E93: 5 | F93: 6 | G93: 7 | H93: 8
A94: 65. | B94: Banyurejo | C94: ='rekap hitungan'!D100 -> 794100000 | D94: ='rekap hitungan'!E100 -> 10077696 | E94: ='rekap hitungan'!F100 -> 65273046 | F94: ='rekap hitungan'!G100 -> 132350000 | G94: ='rekap hitungan'!J100 -> 596320519 | H94: =SUM(C94:G94) -> 1598121261
A95: 66. | B95: Tambakrejo | C95: ='rekap hitungan'!D101 -> 689700000 | D95: ='rekap hitungan'!E101 -> 10077696 | E95: ='rekap hitungan'!F101 -> 58758486 | F95: ='rekap hitungan'!G101 -> 114950000 | G95: ='rekap hitungan'!J101 -> 491453666 | H95: =SUM(C95:G95) -> 1364939848
A96: 67. | B96: Sumberrejo | C96: ='rekap hitungan'!D102 -> 654900000 | D96: ='rekap hitungan'!E102 -> 10077696 | E96: ='rekap hitungan'!F102 -> 56586966 | F96: ='rekap hitungan'!G102 -> 109150000 | G96: ='rekap hitungan'!J102 -> 463835642 | H96: =SUM(C96:G96) -> 1294550304
A97: 68. | B97: Pondokrejo | C97: ='rekap hitungan'!D103 -> 620100000 | D97: ='rekap hitungan'!E103 -> 10077696 | E97: ='rekap hitungan'!F103 -> 54415446 | F97: ='rekap hitungan'!G103 -> 103350000 | G97: ='rekap hitungan'!J103 -> 500412030 | H97: =SUM(C97:G97) -> 1288355172
A98: 69. | B98: Mororejo | C98: ='rekap hitungan'!D104 -> 759300000 | D98: ='rekap hitungan'!E104 -> 10077696 | E98: ='rekap hitungan'!F104 -> 63101526 | F98: ='rekap hitungan'!G104 -> 126550000 | G98: ='rekap hitungan'!J104 -> 518028513 | H98: =SUM(C98:G98) -> 1477057735
A99: 70. | B99: Margorejo | C99: ='rekap hitungan'!D105 -> 794100000 | D99: ='rekap hitungan'!E105 -> 10077696 | E99: ='rekap hitungan'!F105 -> 65273046 | F99: ='rekap hitungan'!G105 -> 132350000 | G99: ='rekap hitungan'!J105 -> 677423830 | H99: =SUM(C99:G99) -> 1679224572
A100: 71. | B100: Lumbungrejo | C100: ='rekap hitungan'!D106 -> 654900000 | D100: ='rekap hitungan'!E106 -> 10077696 | E100: ='rekap hitungan'!F106 -> 56586966 | F100: ='rekap hitungan'!G106 -> 109150000 | G100: ='rekap hitungan'!J106 -> 509677108 | H100: =SUM(C100:G100) -> 1340391770
A101: 72. | B101: Merdikorejo | C101: ='rekap hitungan'!D107 -> 898500000 | D101: ='rekap hitungan'!E107 -> 10077696 | E101: ='rekap hitungan'!F107 -> 71787606 | F101: ='rekap hitungan'!G107 -> 149750000 | G101: ='rekap hitungan'!J107 -> 632477291 | H101: =SUM(C101:G101) -> 1762592593
A102: XV. | B102: TURI
A103: 73. | B103: Bangunkerto | C103: ='rekap hitungan'!D109 -> 724500000 | D103: ='rekap hitungan'!E109 -> 10077696 | E103: ='rekap hitungan'!F109 -> 60930006 | F103: ='rekap hitungan'!G109 -> 120750000 | G103: ='rekap hitungan'!J109 -> 704107325 | H103: =SUM(C103:G103) -> 1620365027
A104: 74. | B104: Donokerto | C104: ='rekap hitungan'!D110 -> 863700000 | D104: ='rekap hitungan'!E110 -> 10077696 | E104: ='rekap hitungan'!F110 -> 69616086 | F104: ='rekap hitungan'!G110 -> 143950000 | G104: ='rekap hitungan'!J110 -> 692136728 | H104: =SUM(C104:G104) -> 1779480510
A105: 75. | B105: Girikerto | C105: ='rekap hitungan'!D111 -> 759300000 | D105: ='rekap hitungan'!E111 -> 10077696 | E105: ='rekap hitungan'!F111 -> 63101526 | F105: ='rekap hitungan'!G111 -> 126550000 | G105: ='rekap hitungan'!J111 -> 693515550 | H105: =SUM(C105:G105) -> 1652544772
A106: 76. | B106: Wonokerto | C106: ='rekap hitungan'!D112 -> 759300000 | D106: ='rekap hitungan'!E112 -> 10077696 | E106: ='rekap hitungan'!F112 -> 63101526 | F106: ='rekap hitungan'!G112 -> 126550000 | G106: ='rekap hitungan'!J112 -> 882459833 | H106: =SUM(C106:G106) -> 1841489055
...

Sheet hitung premi dpa pmk
B1: Lampiran IV
B2: Nomor Surat:
B3: Tanggal:
B5: PERHITUNGAN BESARAN PREMI BPJS KESEHATAN LURAH DAN PAMONG KALURAHAN
B6: DENGAN KENAIKAN SILTAP 8%
B8: NO | C8: URAIAN | D8: JUMLAH ORANG | E8: SILTAP PER BULAN | F8: PREMI PER BULAN | H8: JUMLAH PREMI PER TAHUN
F9: 0.04 | G9: Rp
B10: 1 | C10: 2 | D10: 3 | E10: 4 | F10: 5=4x4% | G10: 6=3x5 | H10: 7=6x12 bln
B11: 1 | C11: Lurah | D11: 86 | E11: ='hitung siltap'!H11 -> 4275000 | F11: =4%*E11 -> 171000 | G11: =D11*F11 -> 14706000 | H11: =G11*12 -> 176472000
B12: 2 | C12: Carik | D12: 86 | E12: ='hitung siltap'!H12 -> 3300000 | F12: =4%*E12 -> 132000 | G12: =D12*F12 -> 11352000 | H12: =G12*12 -> 136224000
B13: 3 | C13: Kaur & Kasi | D13: =6*86 -> 516 | E13: ='hitung siltap'!H13 -> 3000000 | F13: =4%*E13 -> 120000 | G13: =D13*F13 -> 61920000 | H13: =G13*12 -> 743040000
B14: 4 | C14: Dukuh | D14: 1212 | E14: ='hitung siltap'!H14 -> 2900000 | F14: =4%*E14 -> 116000 | G14: =D14*F14 -> 140592000 | H14: =G14*12 -> 1687104000
C15: JUMLAH TOTAL | D15: =SUM(D11:D14) -> 1900 | F15: =SUM(F11:F14) -> 539000 | G15: =SUM(G11:G14) -> 228570000 | H15: =SUM(H11:H14) -> 2742840000
D17: BELANJA PREMI KESEHATAN 2025 MURNI | H17: 2032240195
D18: ESTIMASI BELANJA PREMI KESEHATAN TA 2026 | H18: =H15 -> 2742840000
D19: PERLU TAMBAHAN | H19: =H18-H17 -> 710599805

Sheet checklist add & premi 26
B2: Lampiran
B3: Nomor Surat:
B4: Tanggal:
B6: ESTIMASI KEBUTUHAN ANGGARAN ADD TA 2026
B8: NO | C8: URAIAN | D8: ADD MURNI 2025 | E8: ESTIMASI 2026
G9: selisih
B10: 1 | C10: 2 | D10: 3 | E10: 6
B11: 1 | C11: ADD Siltap | D11: 54295200000 | E11: ='lamp. sk'!C120 -> 68571000000
B12: 2 | C12: ADD BPJS Kesehatan (Staf) | D12: 814541948 | E12: ='lamp. sk'!D120 -> 866681856
B13: 3 | C13: ADD BPJS Naker (Lurah, Pamong, Staf) | D13: 4867874149 | E13: ='lamp. sk'!E120 -> 5630854116
B14: 4 | C14: ADD Kebijakan | D14: 9049200000 | E14: ='lamp. sk'!F120 -> 11428500000
B15: 5 | C15: ADD Kewenangan: | D15: 54943374853
C16: tunjangan BPKal | D16: 0 | E16: ='rekap hitungan'!H125 -> 15774000000
C17: kegiatan | E17: ='rekap hitungan'!I125 -> 44135754834
C18: JUMLAH ADD | D18: =SUM(D11:D17) -> 123970190950 | E18: =SUM(E11:E17) -> 146406790806 | G18: =E18-D18 -> 22436599856

Sheet perbandingan
B1: Lampiran III
B2: Nomor Surat:
B3: Tanggal:
B5: PERBANDINGAN BESARAN ADD KEWENANGAN KEGIATAN
B7: NO. | C7: KAPANEWON/KALURAHAN | D7: ADD KEWENANGAN KEGIATAN | H7: ESTIMASI BESARAN TUNJANGAN BPKal YANG SELAMA INI DIALOKASIKAN DALAM APBKal | I7: DENGAN KONSEP TUNJANGAN BPKal DI-COVER DALAM ADD KEWENANGAN MAKA SELISIH RIIL SETELAH DIPERHITUNGKAN ADALAH | L7: KONDISI PAD PADA LPJ 2024
D11: APBD TA 2025 | E11: SIMULASI HITUNGAN 2026 | F11: SELISIH
F12: Rp | G12: % | I12: Rp | J12: % | K12: DI ATAS 10% DIJUSTIFIKASI TERDAPAT PENGARUH CUKUP SIGNIFIKAN TERHADAP KONDISI KEUANGAN
B13: 1 | C13: 2 | D13: 3 | E13: 4 | F13: 5=3-4 | G13: 6=5/3x100% | H13: 7 | I13: 8=5-7 | J13: 9=8/3x100% | K13: 10 | L13: 11
B14: I. | C14: GAMPING
B15: 1. | C15: Balecatur | D15: 852412055 | E15: 641642141 | F15: =D15-E15 -> 210769914 | G15: =F15/D15*100 -> 24.726294 | H15: 103800000 | I15: =F15-H15 -> 106969914 | J15: =I15/D15*100 -> 12.549085 | K15: * | L15: 459,366,091.00
B16: 2. | C16: Ambarketawang | D16: 767131353 | E16: 577448197 | F16: =D16-E16 -> 189683156 | G16: =F16/D16*100 -> 24.726294 | H16: 120000000 | I16: =F16-H16 -> 69683156 | J16: =I16/D16*100 -> 9.0836016 | L16: 536,535,308.00
B17: 3. | C17: Banyuraden | D17: 569252290 | E17: 428497293 | F17: =D17-E17 -> 140754997 | G17: =F17/D17*100 -> 24.726294 | H17: 114600000 | I17: =F17-H17 -> 26154997 | J17: =I17/D17*100 -> 4.5946231 | L17: 1,134,871,240.00
B18: 4. | C18: Nogotirto | D18: 538211700 | E18: 405131891 | F18: =D18-E18 -> 133079809 | G18: =F18/D18*100 -> 24.726294 | H18: 109200000 | I18: =F18-H18 -> 23879809 | J18: =I18/D18*100 -> 4.4368803 | L18: 53,654,870.00
B19: 5. | C19: Trihanggo | D19: 686345486 | E19: 516637681 | F19: =D19-E19 -> 169707805 | G19: =F19/D19*100 -> 24.726294 | H19: 147000000 | I19: =F19-H19 -> 22707805 | J19: =I19/D19*100 -> 3.3085094 | L19: 253,678,698.00
B20: II. | C20: GODEAN
B21: 6. | C21: Sidorejo | D21: 536319322 | E21: 403707428 | F21: =D21-E21 -> 132611894 | G21: =F21/D21*100 -> 24.726294 | H21: 65400000 | I21: =F21-H21 -> 67211894 | J21: =I21/D21*100 -> 12.532066 | K21: * | L21: 35,861,550.00
B22: 7. | C22: Sidoluhur | D22: 588894473 | E22: 443282692 | F22: =D22-E22 -> 145611781 | G22: =F22/D22*100 -> 24.726294 | H22: 114600000 | I22: =F22-H22 -> 31011781 | J22: =I22/D22*100 -> 5.2661016 | L22: 786,423,258.00
B23: 8. | C23: Sidomulyo | D23: 377192820 | E23: 283927013 | F23: =D23-E23 -> 93265807 | G23: =F23/D23*100 -> 24.726294 | H23: 65400000 | I23: =F23-H23 -> 27865807 | J23: =I23/D23*100 -> 7.3876822 | L23: 45,348,800.00
B24: 9. | C24: Sidoagung | D24: 434838082 | E24: 327318738 | F24: =D24-E24 -> 107519344 | G24: =F24/D24*100 -> 24.726294 | H24: 103800000 | I24: =F24-H24 -> 3719344 | J24: =I24/D24*100 -> 0.85533999 | L24: 118,514,000.00
B25: 10. | C25: Sidokarto | D25: 592335647 | E25: 445872991 | F25: =D25-E25 -> 146462656 | G25: =F25/D25*100 -> 24.726294 | H25: 87600000 | I25: =F25-H25 -> 58862656 | J25: =I25/D25*100 -> 9.937382 | L25: 335,396,894.00
B26: 11. | C26: Sidoarum | D26: 584194557 | E26: 439744891 | F26: =D26-E26 -> 144449666 | G26: =F26/D26*100 -> 24.726294 | H26: 93000000 | I26: =F26-H26 -> 51449666 | J26: =I26/D26*100 -> 8.8069403 | L26: 164,792,000.00
B27: 12. | C27: Sidomoyo | D27: 470136077 | E27: 353888847 | F27: =D27-E27 -> 116247230 | G27: =F27/D27*100 -> 24.726294 | H27: 78000000 | I27: =F27-H27 -> 38247230 | J27: =I27/D27*100 -> 8.1353531 | L27: 56,370,250.00
B28: III. | C28: MOYUDAN
B29: 13. | C29: Sumberrahayu | D29: 556507176 | E29: 418903574 | F29: =D29-E29 -> 137603602 | G29: =F29/D29*100 -> 24.726294 | H29: 78000000 | I29: =F29-H29 -> 59603602 | J29: =I29/D29*100 -> 10.710302 | K29: * | L29: 129,724,116.00
B30: 14. | C30: Sumbersari | D30: 543740023 | E30: 409293264 | F30: =D30-E30 -> 134446759 | G30: =F30/D30*100 -> 24.726294 | H30: 93000000 | I30: =F30-H30 -> 41446759 | J30: =I30/D30*100 -> 7.6225323 | L30: 141,794,396.00
B31: 15. | C31: Sumberagung | D31: 760636022 | E31: 572558920 | F31: =D31-E31 -> 188077102 | G31: =F31/D31*100 -> 24.726294 | H31: 103800000 | I31: =F31-H31 -> 84277102 | J31: =I31/D31*100 -> 11.07982 | K31: * | L31: 143,151,184.25
B32: 16. | C32: Sumberarum | D32: 608412879 | E32: 457974919 | F32: =D32-E32 -> 150437960 | G32: =F32/D32*100 -> 24.726294 | H32: 73800000 | I32: =F32-H32 -> 76637960 | J32: =I32/D32*100 -> 12.596374 | K32: * | L32: 175,842,951.00
B33: IV. | C33: MINGGIR
B34: 17. | C34: Sendangarum | D34: 306512924 | E34: 230723636 | F34: =D34-E34 -> 75789288 | G34: =F34/D34*100 -> 24.726294 | H34: 60600000 | I34: =F34-H34 -> 15189288 | J34: =I34/D34*100 -> 4.9555131 | L34: 215,928,434.00
B35: 18. | C35: Sendangmulyo | D35: 598833272 | E35: 450763994 | F35: =D35-E35 -> 148069278 | G35: =F35/D35*100 -> 24.726294 | H35: 99000000 | I35: =F35-H35 -> 49069278 | J35: =I35/D35*100 -> 8.1941469 | L35: 77,235,599.00
B36: 19. | C36: Sendangagung | D36: 617993920 | E36: 465186924 | F36: =D36-E36 -> 152806996 | G36: =F36/D36*100 -> 24.726294 | H36: 86400000 | I36: =F36-H36 -> 66406996 | J36: =I36/D36*100 -> 10.745574 | K36: * | L36: 66,734,849.00
B37: 20. | C37: Sendangsari | D37: 458083227 | E37: 344816220 | F37: =D37-E37 -> 113267007 | G37: =F37/D37*100 -> 24.726294 | H37: 90600000 | I37: =F37-H37 -> 22667007 | J37: =I37/D37*100 -> 4.948229 | L37: 175,248,374.00
B38: 21. | C38: Sendangrejo | D38: 623097074 | E38: 469028257 | F38: =D38-E38 -> 154068817 | G38: =F38/D38*100 -> 24.726294 | H38: 103800000 | I38: =F38-H38 -> 50268817 | J38: =I38/D38*100 -> 8.0675739 | L38: 95,708,500.00
B39: V. | C39: SEYEGAN
B40: 22. | C40: Margoluwih | D40: 668406672 | E40: 503134471 | F40: =D40-E40 -> 165272201 | G40: =F40/D40*100 -> 24.726294 | H40: 109200000 | I40: =F40-H40 -> 56072201 | J40: =I40/D40*100 -> 8.388935 | L40: 93,251,000.00
B41: 23. | C41: Margodadi | D41: 639482302 | E41: 481362026 | F41: =D41-E41 -> 158120276 | G41: =F41/D41*100 -> 24.726294 | H41: 103800000 | I41: =F41-H41 -> 54320276 | J41: =I41/D41*100 -> 8.4944143 | L41: 93,565,729.00
B42: 24. | C42: Margokaton | D42: 530490879 | E42: 399320142 | F42: =D42-E42 -> 131170737 | G42: =F42/D42*100 -> 24.726294 | H42: 82200000 | I42: =F42-H42 -> 48970737 | J42: =I42/D42*100 -> 9.2312119 | L42: 123,997,000.00
B43: 25. | C43: Margomulyo | D43: 688339038 | E43: 518138301 | F43: =D43-E43 -> 170200737 | G43: =F43/D43*100 -> 24.726294 | H43: 103800000 | I43: =F43-H43 -> 66400737 | J43: =I43/D43*100 -> 9.6465162 | L43: 183,996,900.00
B44: 26. | C44: Margoagung | D44: 635174829 | E44: 478119631 | F44: =D44-E44 -> 157055198 | G44: =F44/D44*100 -> 24.726294 | H44: 109200000 | I44: =F44-H44 -> 47855198 | J44: =I44/D44*100 -> 7.5341773 | L44: 116,059,000.00
B45: VI. | C45: MLATI
B46: 27. | C46: Sinduadi | D46: 1052233343 | E46: 792055029 | F46: =D46-E46 -> 260178314 | G46: =F46/D46*100 -> 24.726294 | H46: 147000000 | I46: =F46-H46 -> 113178314 | J46: =I46/D46*100 -> 10.756009 | K46: * | L46: 4,646,674,441.00
B47: 28. | C47: Sendangadi | D47: 695706231 | E47: 523683860 | F47: =D47-E47 -> 172022371 | G47: =F47/D47*100 -> 24.726294 | H47: 125400000 | I47: =F47-H47 -> 46622371 | J47: =I47/D47*100 -> 6.7014451 | L47: 1,536,048,113.00
B48: 29. | C48: Tlogoadi | D48: 622134332 | E48: 468303565 | F48: =D48-E48 -> 153830767 | G48: =F48/D48*100 -> 24.726294 | H48: 103800000 | I48: =F48-H48 -> 50030767 | J48: =I48/D48*100 -> 8.0417949 | L48: 133,822,609.86
B49: 30. | C49: Tirtoadi | D49: 634077869 | E49: 477293908 | F49: =D49-E49 -> 156783961 | G49: =F49/D49*100 -> 24.726294 | H49: 93000000 | I49: =F49-H49 -> 63783961 | J49: =I49/D49*100 -> 10.059326 | K49: * | L49: 426,444,554.00
B50: 31. | C50: Sumberadi | D50: 735010014 | E50: 553269274 | F50: =D50-E50 -> 181740740 | G50: =F50/D50*100 -> 24.726294 | H50: 114600000 | I50: =F50-H50 -> 67140740 | J50: =I50/D50*100 -> 9.1346701 | L50: 208,932,814.88
B51: VII. | C51: DEPOK
B52: 32. | C52: Caturtunggal | D52: 1089117816 | E52: 819819339 | F52: =D52-E52 -> 269298477 | G52: =F52/D52*100 -> 24.726294 | H52: 147000000 | I52: =F52-H52 -> 122298477 | J52: =I52/D52*100 -> 11.229132 | K52: * | L52: 4,018,247,454.00
B53: 33. | C53: Maguwoharjo | D53: 1167466057 | E53: 878794963 | F53: =D53-E53 -> 288671094 | G53: =F53/D53*100 -> 24.726294 | H53: 147000000 | I53: =F53-H53 -> 141671094 | J53: =I53/D53*100 -> 12.134922 | K53: * | L53: 694,779,120.00
B54: 34. | C54: Condongcatur | D54: 1071299445 | E54: 806406790 | F54: =D54-E54 -> 264892655 | G54: =F54/D54*100 -> 24.726294 | H54: 147000000 | I54: =F54-H54 -> 117892655 | J54: =I54/D54*100 -> 11.004641 | K54: * | L54: 2,560,023,652.70
B55: VIII. | C55: BERBAH
B56: 35. | C56: Sendangtirto | D56: 755903016 | E56: 568996211 | F56: =D56-E56 -> 186906805 | G56: =F56/D56*100 -> 24.726294 | H56: 125400000 | I56: =F56-H56 -> 61506805 | J56: =I56/D56*100 -> 8.1368646 | L56: 121,924,000.00
B57: 36. | C57: Tegaltirto | D57: 614770362 | E57: 462760432 | F57: =D57-E57 -> 152009930 | G57: =F57/D57*100 -> 24.726294 | H57: 125400000 | I57: =F57-H57 -> 26609930 | J57: =I57/D57*100 -> 4.3284341 | L57: 133,581,625.00
B58: 37. | C58: Kalitirto | D58: 691270877 | E58: 520345205 | F58: =D58-E58 -> 170925672 | G58: =F58/D58*100 -> 24.726294 | H58: 93000000 | I58: =F58-H58 -> 77925672 | J58: =I58/D58*100 -> 11.272813 | K58: * | L58: 352,802,917.00
B59: 38. | C59: Jogotirto | D59: 549114682 | E59: 413338970 | F59: =D59-E59 -> 135775712 | G59: =F59/D59*100 -> 24.726294 | H59: 109200000 | I59: =F59-H59 -> 26575712 | J59: =I59/D59*100 -> 4.839738 | L59: 71,837,000.00
B60: IX. | C60: PRAMBANAN
B61: 39. | C61: Sumberharjo | D61: 850755967 | E61: 640395542 | F61: =D61-E61 -> 210360425 | G61: =F61/D61*100 -> 24.726294 | H61: 103800000 | I61: =F61-H61 -> 106560425 | J61: =I61/D61*100 -> 12.525381 | K61: * | L61: 599,258,087.00
B62: 40. | C62: Wukirharjo | D62: 383450829 | E62: 288637648 | F62: =D62-E62 -> 94813181 | G62: =F62/D62*100 -> 24.726294 | H62: 48600000 | I62: =F62-H62 -> 46213181 | J62: =I62/D62*100 -> 12.051918 | K62: * | L62: 200,286,900.00
B63: 41. | C63: Gayamharjo | D63: 446596875 | E63: 336170017 | F63: =D63-E63 -> 110426858 | G63: =F63/D63*100 -> 24.726294 | H63: 65400000 | I63: =F63-H63 -> 45026858 | J63: =I63/D63*100 -> 10.082215 | K63: * | L63: 3,140,000.00
B64: 42. | C64: Sambirejo | D64: 533426969 | E64: 401530246 | F64: =D64-E64 -> 131896723 | G64: =F64/D64*100 -> 24.726294 | H64: 90600000 | I64: =F64-H64 -> 41296723 | J64: =I64/D64*100 -> 7.7417764 | L64: 839,381,000.00
B65: 43. | C65: Madurejo | D65: 736860310 | E65: 554662060 | F65: =D65-E65 -> 182198250 | G65: =F65/D65*100 -> 24.726294 | H65: 103800000 | I65: =F65-H65 -> 78398250 | J65: =I65/D65*100 -> 10.6395 | K65: * | L65: 170,339,397.00
B66: 44. | C66: Bokoharjo | D66: 558676714 | E66: 420536665 | F66: =D66-E66 -> 138140049 | G66: =F66/D66*100 -> 24.726294 | H66: 103800000 | I66: =F66-H66 -> 34340049 | J66: =I66/D66*100 -> 6.1466763 | L66: 198,354,294.00
B67: X. | C67: KALASAN
B68: 45. | C68: Purwomartani | D68: 1169061911 | E68: 879996221 | F68: =D68-E68 -> 289065690 | G68: =F68/D68*100 -> 24.726294 | H68: 130800000 | I68: =F68-H68 -> 158265690 | J68: =I68/D68*100 -> 13.537836 | K68: * | L68: 506,774,902.00
B69: 46. | C69: Tirtomartani | D69: 771622129 | E69: 580828570 | F69: =D69-E69 -> 190793559 | G69: =F69/D69*100 -> 24.726294 | H69: 114600000 | I69: =F69-H69 -> 76193559 | J69: =I69/D69*100 -> 9.8744653 | L69: 251,058,875.00
B70: 47. | C70: Tamanmartani | D70: 873442229 | E70: 657472332 | F70: =D70-E70 -> 215969897 | G70: =F70/D70*100 -> 24.726294 | H70: 103800000 | I70: =F70-H70 -> 112169897 | J70: =I70/D70*100 -> 12.84228 | K70: * | L70: 158,623,125.00
B71: 48. | C71: Selomartani | D71: 821184874 | E71: 618136285 | F71: =D71-E71 -> 203048589 | G71: =F71/D71*100 -> 24.726294 | H71: 136200000 | I71: =F71-H71 -> 66848589 | J71: =I71/D71*100 -> 8.1405042 | L71: 519,674,554.00
B72: XI. | C72: NGEMPLAK
B73: 49. | C73: Sindumartani | D73: 498381814 | E73: 375150460 | F73: =D73-E73 -> 123231354 | G73: =F73/D73*100 -> 24.726294 | H73: 90600000 | I73: =F73-H73 -> 32631354 | J73: =I73/D73*100 -> 6.5474608 | L73: 96,190,000.00
B74: 50. | C74: Bimomartani | D74: 492413988 | E74: 370658256 | F74: =D74-E74 -> 121755732 | G74: =F74/D74*100 -> 24.726294 | H74: 82200000 | I74: =F74-H74 -> 39555732 | J74: =I74/D74*100 -> 8.0330236 | L74: 117,542,753.00
B75: 51. | C75: Widodomartani | D75: 595609971 | E75: 448337696 | F75: =D75-E75 -> 147272275 | G75: =F75/D75*100 -> 24.726294 | H75: 82200000 | I75: =F75-H75 -> 65072275 | J75: =I75/D75*100 -> 10.925317 | K75: * | L75: 81,195,200.00
B76: 52. | C76: Wedomartani | D76: 1105656990 | E76: 832268988 | F76: =D76-E76 -> 273388002 | G76: =F76/D76*100 -> 24.726294 | H76: 141600000 | I76: =F76-H76 -> 131788002 | J76: =I76/D76*100 -> 11.919429 | K76: * | L76: 353,795,365.00
B77: 53. | C77: Umbulmartani | D77: 531207017 | E77: 399859206 | F77: =D77-E77 -> 131347811 | G77: =F77/D77*100 -> 24.726294 | H77: 103800000 | I77: =F77-H77 -> 27547811 | J77: =I77/D77*100 -> 5.1858899 | L77: 333,495,000.00
B78: XII. | C78: NGAGLIK
B79: 54. | C79: Sariharjo | D79: 705675045 | E79: 531187756 | F79: =D79-E79 -> 174487289 | G79: =F79/D79*100 -> 24.726294 | H79: 136200000 | I79: =F79-H79 -> 38287289 | J79: =I79/D79*100 -> 5.425626 | L79: 1,730,748,013.00
B80: 55. | C80: Minomartani | D80: 339400963 | E80: 255479682 | F80: =D80-E80 -> 83921281 | G80: =F80/D80*100 -> 24.726294 | H80: 82200000 | I80: =F80-H80 -> 1721281 | J80: =I80/D80*100 -> 0.50715266 | L80: 109,573,600.00
B81: 56. | C81: Sinduharjo | D81: 711194921 | E81: 535342771 | F81: =D81-E81 -> 175852150 | G81: =F81/D81*100 -> 24.726294 | H81: 125400000 | I81: =F81-H81 -> 50452150 | J81: =I81/D81*100 -> 7.0939975 | L81: 631,304,300.00
B82: 57. | C82: Sukoharjo | D82: 709495361 | E82: 534063450 | F82: =D82-E82 -> 175431911 | G82: =F82/D82*100 -> 24.726294 | H82: 125400000 | I82: =F82-H82 -> 50031911 | J82: =I82/D82*100 -> 7.0517601 | L82: 257,652,750.00
B83: 58. | C83: Sardonoharjo | D83: 852036837 | E83: 641359700 | F83: =D83-E83 -> 210677137 | G83: =F83/D83*100 -> 24.726294 | H83: 109200000 | I83: =F83-H83 -> 101477137 | J83: =I83/D83*100 -> 11.909947 | K83: * | L83: 707,764,063.00
B84: 59. | C84: Donoharjo | D84: 626622158 | E84: 471681719 | F84: =D84-E84 -> 154940439 | G84: =F84/D84*100 -> 24.726294 | H84: 82200000 | I84: =F84-H84 -> 72740439 | J84: =I84/D84*100 -> 11.608341 | K84: * | L84: 38,957,100.00
B85: XIII. | C85: SLEMAN
B86: 60. | C86: Caturharjo | D86: 805673783 | E86: 606460512 | F86: =D86-E86 -> 199213271 | G86: =F86/D86*100 -> 24.726294 | H86: 114600000 | I86: =F86-H86 -> 84613271 | J86: =I86/D86*100 -> 10.502175 | K86: * | L86: 421,533,850.00
B87: 61. | C87: Triharjo | D87: 695662614 | E87: 523651028 | F87: =D87-E87 -> 172011586 | G87: =F87/D87*100 -> 24.726294 | H87: 114600000 | I87: =F87-H87 -> 57411586 | J87: =I87/D87*100 -> 8.2527916 | L87: 77,367,700.00
B88: 62. | C88: Tridadi | D88: 629831439 | E88: 474097463 | F88: =D88-E88 -> 155733976 | G88: =F88/D88*100 -> 24.726294 | H88: 147000000 | I88: =F88-H88 -> 8733976 | J88: =I88/D88*100 -> 1.3867164 | L88: 390,774,038.00
B89: 63. | C89: Pandowoharjo | D89: 769131940 | E89: 578954112 | F89: =D89-E89 -> 190177828 | G89: =F89/D89*100 -> 24.726294 | H89: 114600000 | I89: =F89-H89 -> 75577828 | J89: =I89/D89*100 -> 9.8263801 | L89: 436,023,572.00
B90: 64. | C90: Trimulyo | D90: 598867151 | E90: 450789496 | F90: =D90-E90 -> 148077655 | G90: =F90/D90*100 -> 24.726294 | H90: 109200000 | I90: =F90-H90 -> 38877655 | J90: =I90/D90*100 -> 6.4918663 | L90: 192,851,346.00
B91: XIV. | C91: TEMPEL
B92: 65. | C92: Banyurejo | D92: 547919101 | E92: 412439011 | F92: =D92-E92 -> 135480090 | G92: =F92/D92*100 -> 24.726294 | H92: 103200000 | I92: =F92-H92 -> 32280090 | J92: =I92/D92*100 -> 5.8913971 | L92: 86,673,320.00
B93: 66. | C93: Tambakrejo | D93: 418106641 | E93: 314724362 | F93: =D93-E93 -> 103382279 | G93: =F93/D93*100 -> 24.726294 | H93: 52800000 | I93: =F93-H93 -> 50582279 | J93: =I93/D93*100 -> 12.097937 | K93: * | L93: 33,650,000.00
B94: 67. | C94: Sumberrejo | D94: 383865136 | E94: 288949513 | F94: =D94-E94 -> 94915623 | G94: =F94/D94*100 -> 24.726294 | H94: 61200000 | I94: =F94-H94 -> 33715623 | J94: =I94/D94*100 -> 8.7831949 | L94: 96,442,850.00
B95: 68. | C95: Pondokrejo | D95: 427436951 | E95: 321747633 | F95: =D95-E95 -> 105689318 | G95: =F95/D95*100 -> 24.726294 | H95: 90600000 | I95: =F95-H95 -> 15089318 | J95: =I95/D95*100 -> 3.5301857 | L95: 213,345,600.00
B96: 69. | C96: Mororejo | D96: 452583067 | E96: 340676045 | F96: =D96-E96 -> 111907022 | G96: =F96/D96*100 -> 24.726295 | H96: 69600000 | I96: =F96-H96 -> 42307022 | J96: =I96/D96*100 -> 9.3479021 | L96: 46,074,550.00
B97: 70. | C97: Margorejo | D97: 586889289 | E97: 441773316 | F97: =D97-E97 -> 145115973 | G97: =F97/D97*100 -> 24.726294 | H97: 109200000 | I97: =F97-H97 -> 35915973 | J97: =I97/D97*100 -> 6.1197186 | L97: 671,664,060.00
B98: 71. | C98: Lumbungrejo | D98: 440062847 | E98: 331251612 | F98: =D98-E98 -> 108811235 | G98: =F98/D98*100 -> 24.726294 | H98: 82200000 | I98: =F98-H98 -> 26611235 | J98: =I98/D98*100 -> 6.0471442 | L98: 144,369,000.00
B99: 72. | C99: Merdikorejo | D99: 597960470 | E99: 450107004 | F99: =D99-E99 -> 147853466 | G99: =F99/D99*100 -> 24.726294 | H99: 69600000 | I99: =F99-H99 -> 78253466 | J99: =I99/D99*100 -> 13.086729 | K99: * | L99: 300,510,000.00
B100: XV. | C100: TURI
B101: 73. | C101: Bangunkerto | D101: 622258937 | E101: 468397360 | F101: =D101-E101 -> 153861577 | G101: =F101/D101*100 -> 24.726294 | H101: 82200000 | I101: =F101-H101 -> 71661577 | J101: =I101/D101*100 -> 11.51636 | L101: 19,986,702.00
B102: 74. | C102: Donokerto | D102: 605665530 | E102: 455906888 | F102: =D102-E102 -> 149758642 | G102: =F102/D102*100 -> 24.726294 | H102: 103800000 | I102: =F102-H102 -> 45958642 | J102: =I102/D102*100 -> 7.5881224 | L102: 80,703,501.00
B103: 75. | C103: Girikerto | D103: 666219192 | E103: 501487873 | F103: =D103-E103 -> 164731319 | G103: =F103/D103*100 -> 24.726294 | H103: 90600000 | I103: =F103-H103 -> 74131319 | J103: =I103/D103*100 -> 11.127167 | K103: * | L103: 308,107,389.00
B104: 76. | C104: Wonokerto | D104: 857240115 | E104: 645276401 | F104: =D104-E104 -> 211963714 | G104: =F104/D104*100 -> 24.726294 | H104: 125400000 | I104: =F104-H104 -> 86563714 | J104: =I104/D104*100 -> 10.097954 | K104: * | L104: 70,448,684.00
B105: XVI. | C105: PAKEM
...

Sheet tren add
B1: ALOKASI DANA DESA
D3: 2022 | E3: 2023 | F3: selisih 2023 terhadap 2022 | G3: 2024 | H3: selisih 2024 terhadap 2023 | I3: 2025 murni | J3: selisih 2025 murni terhadap 2024 | K3: 2025 perubahan | L3: selisih 2025 perubahan terhadap 2024 | M3: 2026 | N3: selisih 2026 terhadap 2025 murni
B4: I. | C4: GAMPING
B5: 1. | C5: Balecatur | D5: 1.495007e+09 | E5: 1777257376 | F5: =E5-D5 -> 2.8225043e+08 | G5: 1786205335 | H5: =G5-E5 -> 8947959 | I5: 1.7867026e+09 | J5: =I5-G5 -> 497224.5 | K5: 1896390227 | L5: =K5-G5 -> 110184892 | M5: ='lamp. sk'!H13 -> 2063806264 | N5: =M5-I5 -> 2.771037e+08 | O5: =N5/I5 -> 0.15509224
B6: 2. | C6: Ambarketawang | D6: 1.3314457e+09 | E6: 1522442091 | F6: =E6-D6 -> 1.909964e+08 | G6: 1535741924 | H6: =G6-E6 -> 13299833 | I6: 1.5329372e+09 | J6: =I6-G6 -> -2804698.3 | K6: 1625366159 | L6: =K6-G6 -> 89624235 | M6: ='lamp. sk'!H14 -> 1782256046 | N6: =M6-I6 -> 2.4931882e+08 | O6: =N6/I6 -> 0.16264125
B7: 3. | C7: Banyuraden | D7: 1.021704e+09 | E7: 1164858211 | F7: =E7-D7 -> 1.4315421e+08 | G7: 1165210517 | H7: =G7-E7 -> 352306 | I7: 1.1665735e+09 | J7: =I7-G7 -> 1363013.4 | K7: 1242617644 | L7: =K7-G7 -> 77407127 | M7: ='lamp. sk'!H15 -> 1397500762 | N7: =M7-I7 -> 2.3092723e+08 | O7: =N7/I7 -> 0.19795343
B8: 4. | C8: Nogotirto | D8: 1.0090403e+09 | E8: 1130645410 | F8: =E8-D8 -> 121605149 | G8: 1134564912 | H8: =G8-E8 -> 3919502 | I8: 1.1355329e+09 | J8: =I8-G8 -> 968027.9 | K8: 1211679327 | L8: =K8-G8 -> 77114415 | M8: ='lamp. sk'!H16 -> 1386812721 | N8: =M8-I8 -> 2.5127978e+08 | O8: =N8/I8 -> 0.22128797
B9: 5. | C9: Trihanggo | D9: 1.23249e+09 | E9: 1413371888 | F9: =E9-D9 -> 1.8088193e+08 | G9: 1425476157 | H9: =G9-E9 -> 12104269 | I9: 1.4184544e+09 | J9: =I9-G9 -> -7021725.2 | K9: 1498929892 | L9: =K9-G9 -> 73453735 | M9: ='lamp. sk'!H17 -> 1666370328 | N9: =M9-I9 -> 2.479159e+08 | O9: =N9/I9 -> 0.17477889
B10: II. | C10: GODEAN
B11: 6. | C11: Sidorejo | D11: 1.0288005e+09 | E11: 1309731872 | F11: =E11-D11 -> 2.8093142e+08 | G11: 1300453454 | H11: =G11-E11 -> -9278418 | I11: 1.3021252e+09 | J11: =I11-G11 -> 1671740.3 | K11: 1388126258 | L11: =K11-G11 -> 87672804 | M11: ='lamp. sk'!H19 -> 1546741032 | N11: =M11-I11 -> 2.4461584e+08 | O11: =N11/I11 -> 0.18785892
B12: 7. | C12: Sidoluhur | D12: 1.1235985e+09 | E12: 1423338224 | F12: =E12-D12 -> 2.997397e+08 | G12: 1420058550 | H12: =G12-E12 -> -3279674 | I12: 1.4220942e+09 | J12: =I12-G12 -> 2035647.7 | K12: 1512620903 | L12: =K12-G12 -> 92562353 | M12: ='lamp. sk'!H20 -> 1722504251 | N12: =M12-I12 -> 3.0041005e+08 | O12: =N12/I12 -> 0.21124483
B13: 8. | C13: Sidomulyo | D13: 8.1548003e+08 | E13: 983565574 | F13: =E13-D13 -> 1.6808555e+08 | G13: 976345763 | H13: =G13-E13 -> -7219811 | I13: 9.7451406e+08 | J13: =I13-G13 -> -1831703.2 | K13: 1044338028 | L13: =K13-G13 -> 67992265 | M13: ='lamp. sk'!H21 -> 1199808625 | N13: =M13-I13 -> 2.2529457e+08 | O13: =N13/I13 -> 0.23118657
B14: 9. | C14: Sidoagung | D14: 8.4927611e+08 | E14: 1067613321 | F14: =E14-D14 -> 2.1833721e+08 | G14: 1031269903 | H14: =G14-E14 -> -36343418 | I14: 1032159322 | J14: =I14-G14 -> 889419 | K14: 1105500436 | L14: =K14-G14 -> 74230533 | M14: ='lamp. sk'!H22 -> 1298451866 | N14: =M14-I14 -> 266292544 | O14: =N14/I14 -> 0.25799558
B15: 10. | C15: Sidokarto | D15: 1.1294992e+09 | E15: 1378576540 | F15: =E15-D15 -> 2.4907739e+08 | G15: 1393652704 | H15: =G15-E15 -> 15076164 | I15: 1.3918384e+09 | J15: =I15-G15 -> -1814258.2 | K15: 1487297322 | L15: =K15-G15 -> 93644618 | M15: ='lamp. sk'!H23 -> 1675141901 | N15: =M15-I15 -> 2.8330346e+08 | O15: =N15/I15 -> 0.20354622
B16: 11. | C16: Sidoarum | D16: 1.0277724e+09 | E16: 1166661297 | F16: =E16-D16 -> 1.3888891e+08 | G16: 1182267083 | H16: =G16-E16 -> 15605786 | I16: 1.1815158e+09 | J16: =I16-G16 -> -751285.5 | K16: 1263560540 | L16: =K16-G16 -> 81293457 | M16: ='lamp. sk'!H24 -> 1418489233 | N16: =M16-I16 -> 2.3697344e+08 | O16: =N16/I16 -> 0.2005673
B17: 12. | C17: Sidomoyo | D17: 9.5294763e+08 | E17: 1173333040 | F17: =E17-D17 -> 2.2038541e+08 | G17: 1168563412 | H17: =G17-E17 -> -4769628 | I17: 1.1685481e+09 | J17: =I17-G17 -> -15315.5 | K17: 1244826511 | L17: =K17-G17 -> 76263099 | M17: ='lamp. sk'!H25 -> 1408511824 | N17: =M17-I17 -> 2.3996373e+08 | O17: =N17/I17 -> 0.20535203
B18: III. | C18: MOYUDAN
B19: 13. | C19: Sumberrahayu | D19: 1.1004329e+09 | E19: 1393181065 | F19: =E19-D19 -> 2.9274814e+08 | G19: 1389984649 | H19: =G19-E19 -> -3196416 | I19: 1.3897069e+09 | J19: =I19-G19 -> -277747.8 | K19: 1477281745 | L19: =K19-G19 -> 87297096 | M19: ='lamp. sk'!H28 -> 1645575109 | N19: =M19-I19 -> 2.5586821e+08 | O19: =N19/I19 -> 0.18411667
B20: 14. | C20: Sumbersari | D20: 1.0655916e+09 | E20: 1317651323 | F20: =E20-D20 -> 2.5205973e+08 | G20: 1314338525 | H20: =G20-E20 -> -3312798 | I20: 1.3095459e+09 | J20: =I20-G20 -> -4792629.9 | K20: 1399745247 | L20: =K20-G20 -> 85406722 | M20: ='lamp. sk'!H29 -> 1595150035 | N20: =M20-I20 -> 2.8560414e+08 | O20: =N20/I20 -> 0.21809403
B21: 15. | C21: Sumberagung | D21: 1.4042643e+09 | E21: 1789413525 | F21: =E21-D21 -> 3.8514918e+08 | G21: 1798379243 | H21: =G21-E21 -> 8965718 | I21: 1.7960173e+09 | J21: =I21-G21 -> -2361936.9 | K21: 1907884333 | L21: =K21-G21 -> 109505090 | M21: ='lamp. sk'!H30 -> 2114841890 | N21: =M21-I21 -> 3.1882458e+08 | O21: =N21/I21 -> 0.17751755
B22: 16. | C22: Sumberarum | D22: 1.1808056e+09 | E22: 1727633729 | F22: =E22-D22 -> 5.4682808e+08 | G22: 1476584865 | H22: =G22-E22 -> -251048864 | I22: 1.4753095e+09 | J22: =I22-G22 -> -1275334.6 | K22: 1567976954 | L22: =K22-G22 -> 91392089 | M22: ='lamp. sk'!H31 -> 1733056795 | N22: =M22-I22 -> 2.5774726e+08 | O22: =N22/I22 -> 0.17470725
B23: IV. | C23: MINGGIR
B24: 17. | C24: Sendangarum | D24: 7.7548862e+08 | E24: 947911053 | F24: =E24-D24 -> 1.7242244e+08 | G24: 935167456 | H24: =G24-E24 -> -12743597 | I24: 9.3753109e+08 | J24: =I24-G24 -> 2363633.7 | K24: 996870107 | L24: =K24-G24 -> 61702651 | M24: ='lamp. sk'!H33 -> 1150468448 | N24: =M24-I24 -> 2.1293736e+08 | O24: =N24/I24 -> 0.22712565
B25: 18. | C25: Sendangmulyo | D25: 1.1672255e+09 | E25: 1472488030 | F25: =E25-D25 -> 3.0526251e+08 | G25: 1465380851 | H25: =G25-E25 -> -7107179 | I25: 1.4657299e+09 | J25: =I25-G25 -> 349072.6 | K25: 1551712279 | L25: =K25-G25 -> 86331428 | M25: ='lamp. sk'!H34 -> 1722290945 | N25: =M25-I25 -> 2.5656102e+08 | O25: =N25/I25 -> 0.17503977
B26: 19. | C26: Sendangagung | D26: 1.1582405e+09 | E26: 1453739429 | F26: =E26-D26 -> 2.9549892e+08 | G26: 1450892195 | H26: =G26-E26 -> -2847234 | I26: 1.4511936e+09 | J26: =I26-G26 -> 301450.5 | K26: 1539140050 | L26: =K26-G26 -> 88247855 | M26: ='lamp. sk'!H35 -> 1704513987 | N26: =M26-I26 -> 2.5332034e+08 | O26: =N26/I26 -> 0.17455999
B27: 20. | C27: Sendangsari | D27: 9.5355928e+08 | E27: 1200350697 | F27: =E27-D27 -> 2.4679142e+08 | G27: 1190578348 | H27: =G27-E27 -> -9772349 | I27: 1.1901922e+09 | J27: =I27-G27 -> -386175.1 | K27: 1264792256 | L27: =K27-G27 -> 74213908 | M27: ='lamp. sk'!H36 -> 1444051244 | N27: =M27-I27 -> 2.5385907e+08 | O27: =N27/I27 -> 0.21329251
B28: 21. | C28: Sendangrejo | D28: 1.186757e+09 | E28: 1503479884 | F28: =E28-D28 -> 3.1672288e+08 | G28: 1492091005 | H28: =G28-E28 -> -11388879 | I28: 1.4899937e+09 | J28: =I28-G28 -> -2097279.1 | K28: 1586551404 | L28: =K28-G28 -> 94460399 | M28: ='lamp. sk'!H37 -> 1786745208 | N28: =M28-I28 -> 2.9675148e+08 | O28: =N28/I28 -> 0.19916291
B29: V. | C29: SEYEGAN
B30: 22. | C30: Margoluwih | D30: 1.1739958e+09 | E30: 1467239248 | F30: =E30-D30 -> 2.9324345e+08 | G30: 1467416437 | H30: =G30-E30 -> 177189 | I30: 1.4679095e+09 | J30: =I30-G30 -> 493033.8 | K30: 1561026147 | L30: =K30-G30 -> 93609710 | M30: ='lamp. sk'!H39 -> 1737791297 | N30: =M30-I30 -> 2.6988183e+08 | O30: =N30/I30 -> 0.18385454
B31: 23. | C31: Margodadi | D31: 1.2010277e+09 | E31: 1506512917 | F31: =E31-D31 -> 3.0548526e+08 | G31: 1507287033 | H31: =G31-E31 -> 774116 | I31: 1.506379e+09 | J31: =I31-G31 -> -908079.4 | K31: 1603595263 | L31: =K31-G31 -> 96308230 | M31: ='lamp. sk'!H40 -> 1800486354 | N31: =M31-I31 -> 2.941074e+08 | O31: =N31/I31 -> 0.19524131
B32: 24. | C32: Margokaton | D32: 1.0271785e+09 | E32: 1264155090 | F32: =E32-D32 -> 2.3697657e+08 | G32: 1263622632 | H32: =G32-E32 -> -532458 | I32: 1.2625998e+09 | J32: =I32-G32 -> -1022807.8 | K32: 1342210453 | L32: =K32-G32 -> 78587821 | M32: ='lamp. sk'!H41 -> 1502167936 | N32: =M32-I32 -> 2.3956811e+08 | O32: =N32/I32 -> 0.18974192
B33: 25. | C33: Margomulyo | D33: 1.2030797e+09 | E33: 1443493506 | F33: =E33-D33 -> 2.404138e+08 | G33: 1455418892 | H33: =G33-E33 -> 11925386 | I33: 1.4541449e+09 | J33: =I33-G33 -> -1273981.7 | K33: 1547456657 | L33: =K33-G33 -> 92037765 | M33: ='lamp. sk'!H42 -> 1712430046 | N33: =M33-I33 -> 2.5828514e+08 | O33: =N33/I33 -> 0.17761994
B34: 26. | C34: Margoagung | D34: 1.1112104e+09 | E34: 1357362830 | F34: =E34-D34 -> 2.4615241e+08 | G34: 1369348017 | H34: =G34-E34 -> 11985187 | I34: 1.3672838e+09 | J34: =I34-G34 -> -2064242.5 | K34: 1455152346 | L34: =K34-G34 -> 85804329 | M34: ='lamp. sk'!H43 -> 1625955953 | N34: =M34-I34 -> 2.5867218e+08 | O34: =N34/I34 -> 0.1891869
B35: VI. | C35: MLATI
B36: 27. | C36: Sinduadi | D36: 1.6902894e+09 | E36: 1972899500 | F36: =E36-D36 -> 2.8261011e+08 | G36: 1985646275 | H36: =G36-E36 -> 12746775 | I36: 1986523848 | J36: =I36-G36 -> 877573 | K36: 2093443661 | L36: =K36-G36 -> 107797386 | M36: ='lamp. sk'!H45 -> 2219464807 | N36: =M36-I36 -> 232940959 | O36: =N36/I36 -> 0.11726059
B37: 28. | C37: Sendangadi | D37: 1.2422957e+09 | E37: 1488264197 | F37: =E37-D37 -> 2.4596845e+08 | G37: 1495849642 | H37: =G37-E37 -> 7585445 | I37: 1.495209e+09 | J37: =I37-G37 -> -640612.2 | K37: 1585373057 | L37: =K37-G37 -> 89523415 | M37: ='lamp. sk'!H46 -> 1767053831 | N37: =M37-I37 -> 2.718448e+08 | O37: =N37/I37 -> 0.18181057
B38: 29. | C38: Tlogoadi | D38: 1.1264006e+09 | E38: 1348866229 | F38: =E38-D38 -> 2.2246563e+08 | G38: 1354788727 | H38: =G38-E38 -> 5922498 | I38: 1.3542433e+09 | J38: =I38-G38 -> -545449.7 | K38: 1442937665 | L38: =K38-G38 -> 88148938 | M38: ='lamp. sk'!H47 -> 1613439933 | N38: =M38-I38 -> 2.5919666e+08 | O38: =N38/I38 -> 0.19139593
B39: 30. | C39: Tirtoadi | D39: 1.2108205e+09 | E39: 1455318490 | F39: =E39-D39 -> 244498000 | G39: 1464217149 | H39: =G39-E39 -> 8898659 | I39: 1.4672776e+09 | J39: =I39-G39 -> 3060444.9 | K39: 1565020520 | L39: =K39-G39 -> 100803371 | M39: ='lamp. sk'!H48 -> 1753916436 | N39: =M39-I39 -> 2.8663884e+08 | O39: =N39/I39 -> 0.1953542
B40: 31. | C40: Sumberadi | D40: 1.3300878e+09 | E40: 1542620284 | F40: =E40-D40 -> 2.1253248e+08 | G40: 1564422474 | H40: =G40-E40 -> 21802190 | I40: 1.5682097e+09 | J40: =I40-G40 -> 3787264.8 | K40: 1664609799 | L40: =K40-G40 -> 100187325 | M40: ='lamp. sk'!H50 -> 1843926764 | N40: =M40-I40 -> 2.7571703e+08 | O40: =N40/I40 -> 0.17581642
B41: VII. | C41: DEPOK
B42: 32. | C42: Caturtunggal | D42: 1.9369703e+09 | E42: 2083709980 | F42: =E42-D42 -> 1.4673965e+08 | G42: 2095863074 | H42: =G42-E42 -> 12153094 | I42: 2.0908022e+09 | J42: =I42-G42 -> -5060899.9 | K42: 2203116871 | L42: =K42-G42 -> 107253797 | M42: ='lamp. sk'!H52 -> 2339465160 | N42: =M42-I42 -> 2.4866299e+08 | O42: =N42/I42 -> 0.11893186
B43: 33. | C43: Maguwoharjo | D43: 1.9226979e+09 | E43: 2141533953 | F43: =E43-D43 -> 2.1883603e+08 | G43: 2168516389 | H43: =G43-E43 -> 26982436 | I43: 2.1691504e+09 | J43: =I43-G43 -> 634025.7 | K43: 2284614492 | L43: =K43-G43 -> 116098103 | M43: ='lamp. sk'!H53 -> 2401389060 | N43: =M43-I43 -> 2.3223865e+08 | O43: =N43/I43 -> 0.10706433
B44: 34. | C44: Condongcatur | D44: 1.8391714e+09 | E44: 1978564922 | F44: =E44-D44 -> 1.3939357e+08 | G44: 1993987873 | H44: =G44-E44 -> 15422951 | I44: 2.0055899e+09 | J44: =I44-G44 -> 11602077 | K44: 2113276156 | L44: =K44-G44 -> 119288283 | M44: ='lamp. sk'!H54 -> 2225036653 | N44: =M44-I44 -> 2.194467e+08 | O44: =N44/I44 -> 0.10941753
B45: VIII. | C45: BERBAH
B46: 35. | C46: Sendangtirto | D46: 1.3619245e+09 | E46: 1683392800 | F46: =E46-D46 -> 3.2146828e+08 | G46: 1690034309 | H46: =G46-E46 -> 6641509 | I46: 1.6901935e+09 | J46: =I46-G46 -> 159211.1 | K46: 1790601848 | L46: =K46-G46 -> 100567539 | M46: ='lamp. sk'!H56 -> 1984618459 | N46: =M46-I46 -> 2.9442494e+08 | O46: =N46/I46 -> 0.17419599
B47: 36. | C47: Tegaltirto | D47: 1.1606303e+09 | E47: 1416514938 | F47: =E47-D47 -> 2.5588464e+08 | G47: 1416517799 | H47: =G47-E47 -> 2861 | I47: 1.4142732e+09 | J47: =I47-G47 -> -2244638.5 | K47: 1501183837 | L47: =K47-G47 -> 84666038 | M47: ='lamp. sk'!H57 -> 1705706489 | N47: =M47-I47 -> 2.9143333e+08 | O47: =N47/I47 -> 0.2060658
B48: 37. | C48: Kalitirto | D48: 1.2837859e+09 | E48: 1557409910 | F48: =E48-D48 -> 2.7362405e+08 | G48: 1563592108 | H48: =G48-E48 -> 6182198 | I48: 1.5581675e+09 | J48: =I48-G48 -> -5424579.9 | K48: 1660165565 | L48: =K48-G48 -> 96573457 | M48: ='lamp. sk'!H58 -> 1843967741 | N48: =M48-I48 -> 2.8580021e+08 | O48: =N48/I48 -> 0.18342072
B49: 38. | C49: Jogotirto | D49: 1.0507382e+09 | E49: 1218330981 | F49: =E49-D49 -> 1.675928e+08 | G49: 1216457810 | H49: =G49-E49 -> -1873171 | I49: 1.2138298e+09 | J49: =I49-G49 -> -2628034.8 | K49: 1294326721 | L49: =K49-G49 -> 77868911 | M49: ='lamp. sk'!H59 -> 1470956726 | N49: =M49-I49 -> 2.5712695e+08 | O49: =N49/I49 -> 0.21183114
B50: IX. | C50: PRAMBANAN
B51: 39. | C51: Sumberharjo | D51: 1.4636383e+09 | E51: 1764309063 | F51: =E51-D51 -> 3.0067073e+08 | G51: 1784969783 | H51: =G51-E51 -> 20660720 | I51: 1785046472 | J51: =I51-G51 -> 76689 | K51: 1894667570 | L51: =K51-G51 -> 109697787 | M51: ='lamp. sk'!H61 -> 2045963847 | N51: =M51-I51 -> 260917375 | O51: =N51/I51 -> 0.14616839
B52: 40. | C52: Wukirharjo | D52: 7.517569e+08 | E52: 910647198 | F52: =E52-D52 -> 1.5889029e+08 | G52: 908756448 | H52: =G52-E52 -> -1890750 | I52: 913378216 | J52: =I52-G52 -> 4621768 | K52: 972941439 | L52: =K52-G52 -> 64184991 | M52: ='lamp. sk'!H62 -> 1080030770 | N52: =M52-I52 -> 166652554 | O52: =N52/I52 -> 0.18245733
B53: 41. | C53: Gayamharjo | D53: 8.5093715e+08 | E53: 1008996432 | F53: =E53-D53 -> 1.5805929e+08 | G53: 1011686064 | H53: =G53-E53 -> 2689632 | I53: 1010221188 | J53: =I53-G53 -> -1464876 | K53: 1080878814 | L53: =K53-G53 -> 69192750 | M53: ='lamp. sk'!H63 -> 1202621677 | N53: =M53-I53 -> 192400489 | O53: =N53/I53 -> 0.19045382
B54: 42. | C54: Sambirejo | D54: 9.5277678e+08 | E54: 1130846140 | F54: =E54-D54 -> 1.7806936e+08 | G54: 1128717888 | H54: =G54-E54 -> -2128252 | I54: 1130748209 | J54: =I54-G54 -> 2030321 | K54: 1200552266 | L54: =K54-G54 -> 71834378 | M54: ='lamp. sk'!H64 -> 1311370081 | N54: =M54-I54 -> 180621872 | O54: =N54/I54 -> 0.1597366
B55: 43. | C55: Madurejo | D55: 1.3118724e+09 | E55: 1594581199 | F55: =E55-D55 -> 2.8270876e+08 | G55: 1604295687 | H55: =G55-E55 -> 9714488 | I55: 1603756962 | J55: =I55-G55 -> -538725 | K55: 1704887541 | L55: =K55-G55 -> 100591854 | M55: ='lamp. sk'!H65 -> 1886040760 | N55: =M55-I55 -> 282283798 | O55: =N55/I55 -> 0.17601407
B56: 44. | C56: Bokoharjo | D56: 1.1056691e+09 | E56: 1329178774 | F56: =E56-D56 -> 2.2350971e+08 | G56: 1325967414 | H56: =G56-E56 -> -3211360 | I56: 1324482586 | J56: =I56-G56 -> -1484828 | K56: 1412582343 | L56: =K56-G56 -> 86614929 | M56: ='lamp. sk'!H66 -> 1610895018 | N56: =M56-I56 -> 286412432 | O56: =N56/I56 -> 0.21624477
B57: X. | C57: KALASAN
B58: 45. | C58: Purwomartani | D58: 1.9259653e+09 | E58: 2178084324 | F58: =E58-D58 -> 2.5211902e+08 | G58: 2203805894 | H58: =G58-E58 -> 25721570 | I58: 2204443196 | J58: =I58-G58 -> 637302 | K58: 2325977573 | L58: =K58-G58 -> 122171679 | M58: ='lamp. sk'!H68 -> 2447633767 | N58: =M58-I58 -> 243190571 | O58: =N58/I58 -> 0.11031837
B59: 46. | C59: Tirtomartani | D59: 1.393362e+09 | E59: 1661824866 | F59: =E59-D59 -> 2.6846285e+08 | G59: 1671498562 | H59: =G59-E59 -> 9673696 | I59: 1672215707 | J59: =I59-G59 -> 717145 | K59: 1773999747 | L59: =K59-G59 -> 102501185 | M59: ='lamp. sk'!H69 -> 1956980876 | N59: =M59-I59 -> 284765169 | O59: =N59/I59 -> 0.17029213
B60: 47. | C60: Tamanmartani | D60: 1.5395637e+09 | E60: 1934182367 | F60: =E60-D60 -> 394618634 | G60: 1941047561 | H60: =G60-E60 -> 6865194 | I60: 1942520439 | J60: =I60-G60 -> 1472878 | K60: 2060878042 | L60: =K60-G60 -> 119830481 | M60: ='lamp. sk'!H70 -> 2255787222 | N60: =M60-I60 -> 313266783 | O60: =N60/I60 -> 0.1612682
B61: 48. | C61: Selomartani | D61: 1.4713922e+09 | E61: 1810337161 | F61: =E61-D61 -> 3.3894495e+08 | G61: 1818688713 | H61: =G61-E61 -> 8351552 | I61: 1822869231 | J61: =I61-G61 -> 4180518 | K61: 1927113967 | L61: =K61-G61 -> 108425254 | M61: ='lamp. sk'!H72 -> 2118007103 | N61: =M61-I61 -> 295137872 | O61: =N61/I61 -> 0.16190842
B62: XI. | C62: NGEMPLAK
B63: 49. | C63: Sindumartani | D63: 9.723797e+08 | E63: 1197251069 | F63: =E63-D63 -> 2.2487137e+08 | G63: 1197112109 | H63: =G63-E63 -> -138960 | I63: 1196793833 | J63: =I63-G63 -> -318276 | K63: 1271057632 | L63: =K63-G63 -> 73945523 | M63: ='lamp. sk'!H74 -> 1434623256 | N63: =M63-I63 -> 237829423 | O63: =N63/I63 -> 0.19872213
B64: 50. | C64: Bimomartani | D64: 1.0039623e+09 | E64: 1227047513 | F64: =E64-D64 -> 223085193 | G64: 1224539719 | H64: =G64-E64 -> -2507794 | I64: 1224522934 | J64: =I64-G64 -> -16785 | K64: 1302602998 | L64: =K64-G64 -> 78063279 | M64: ='lamp. sk'!H75 -> 1468037556 | N64: =M64-I64 -> 243514622 | O64: =N64/I64 -> 0.19886489
B65: 51. | C65: Widodomartani | D65: 1.2272839e+09 | E65: 1568588610 | F65: =E65-D65 -> 3.4130476e+08 | G65: 1562963397 | H65: =G65-E65 -> -5625213 | I65: 1563597402 | J65: =I65-G65 -> 634005 | K65: 1659518640 | L65: =K65-G65 -> 96555243 | M65: ='lamp. sk'!H76 -> 1854527074 | N65: =M65-I65 -> 290929672 | O65: =N65/I65 -> 0.18606431
B66: 52. | C66: Wedomartani | D66: 1.938351e+09 | E66: 2257167666 | F66: =E66-D66 -> 3.1881668e+08 | G66: 2279012459 | H66: =G66-E66 -> 21844793 | I66: 2275825980 | J66: =I66-G66 -> -3186479 | K66: 2399936285 | L66: =K66-G66 -> 120923826 | M66: ='lamp. sk'!H77 -> 2553403227 | N66: =M66-I66 -> 277577247 | O66: =N66/I66 -> 0.12196769
B67: 53. | C67: Umbulmartani | D67: 1.108087e+09 | E67: 1368035171 | F67: =E67-D67 -> 2.5994821e+08 | G67: 1364076102 | H67: =G67-E67 -> -3959069 | I67: 1364406742 | J67: =I67-G67 -> 330640 | K67: 1455314605 | L67: =K67-G67 -> 91238503 | M67: ='lamp. sk'!H78 -> 1672935965 | N67: =M67-I67 -> 308529223 | O67: =N67/I67 -> 0.22612701
B68: XII. | C68: NGAGLIK
B69: 54. | C69: Sariharjo | D69: 1.3394538e+09 | E69: 1569249956 | F69: =E69-D69 -> 2.2979613e+08 | G69: 1571145978 | H69: =G69-E69 -> 1896022 | I69: 1572571696 | J69: =I69-G69 -> 1425718 | K69: 1664348732 | L69: =K69-G69 -> 93202754 | M69: ='lamp. sk'!H80 -> 1854906597 | N69: =M69-I69 -> 282334901 | O69: =N69/I69 -> 0.17953706
B70: 55. | C70: Minomartani | D70: 7.8262009e+08 | E70: 878609933 | F70: =E70-D70 -> 95989838 | G70: 869527234 | H70: =G70-E70 -> -9082699 | I70: 869328350 | J70: =I70-G70 -> -198884 | K70: 940320916 | L70: =K70-G70 -> 70793682 | M70: ='lamp. sk'!H81 -> 1135061764 | N70: =M70-I70 -> 265733414 | O70: =N70/I70 -> 0.30567669
B71: 56. | C71: Sinduharjo | D71: 1.3329549e+09 | E71: 1608876996 | F71: =E71-D71 -> 2.7592214e+08 | G71: 1613367287 | H71: =G71-E71 -> 4490291 | I71: 1611788499 | J71: =I71-G71 -> -1578788 | K71: 1708443568 | L71: =K71-G71 -> 95076281 | M71: ='lamp. sk'!H82 -> 1904741749 | N71: =M71-I71 -> 292953250 | O71: =N71/I71 -> 0.18175663
B72: 57. | C72: Sukoharjo | D72: 1.2588538e+09 | E72: 1498623502 | F72: =E72-D72 -> 2.3976973e+08 | G72: 1507021133 | H72: =G72-E72 -> 8397631 | I72: 1508998160 | J72: =I72-G72 -> 1977027 | K72: 1599716463 | L72: =K72-G72 -> 92695330 | M72: ='lamp. sk'!H83 -> 1773594004 | N72: =M72-I72 -> 264595844 | O72: =N72/I72 -> 0.17534537
B73: 58. | C73: Sardonoharjo | D73: 1.4955682e+09 | E73: 1771157692 | F73: =E73-D73 -> 2.7558949e+08 | G73: 1784956299 | H73: =G73-E73 -> 13798607 | I73: 1786327342 | J73: =I73-G73 -> 1371043 | K73: 1894649927 | L73: =K73-G73 -> 109693628 | M73: ='lamp. sk'!H84 -> 2065608993 | N73: =M73-I73 -> 279281651 | O73: =N73/I73 -> 0.15634405
B74: 59. | C74: Donoharjo | D74: 1.1783902e+09 | E74: 1496247692 | F74: =E74-D74 -> 3.1785752e+08 | G74: 1490455870 | H74: =G74-E74 -> -5791822 | I74: 1493518810 | J74: =I74-G74 -> 3062940 | K74: 1595618185 | L74: =K74-G74 -> 105162315 | M74: ='lamp. sk'!H85 -> 1796888341 | N74: =M74-I74 -> 303369531 | O74: =N74/I74 -> 0.20312401
B75: XIII. | C75: SLEMAN
B76: 60. | C76: Caturharjo | D76: 1.4496986e+09 | E76: 1785684146 | F76: =E76-D76 -> 3.359855e+08 | G76: 1811238605 | H76: =G76-E76 -> 25554459 | I76: 1807358141 | J76: =I76-G76 -> -3880464 | K76: 1916379382 | L76: =K76-G76 -> 105140777 | M76: ='lamp. sk'!H87 -> 2105324860 | N76: =M76-I76 -> 297966719 | O76: =N76/I76 -> 0.16486313
B77: 61. | C77: Triharjo | D77: 1.2286999e+09 | E77: 1421467138 | F77: =E77-D77 -> 1.9276722e+08 | G77: 1429118264 | H77: =G77-E77 -> 7651126 | I77: 1427771560 | J77: =I77-G77 -> -1346704 | K77: 1516721537 | L77: =K77-G77 -> 87603273 | M77: ='lamp. sk'!H88 -> 1678224164 | N77: =M77-I77 -> 250452604 | O77: =N77/I77 -> 0.17541504
B78: 62. | C78: Tridadi | D78: 1.2153496e+09 | E78: 1459641328 | F78: =E78-D78 -> 2.4429176e+08 | G78: 1464392065 | H78: =G78-E78 -> 4750737 | I78: 1463031164 | J78: =I78-G78 -> -1360901 | K78: 1547103398 | L78: =K78-G78 -> 82711333 | M78: ='lamp. sk'!H89 -> 1749823137 | N78: =M78-I78 -> 286791973 | O78: =N78/I78 -> 0.19602588
B79: 63. | C79: Pandowoharjo | D79: 1.4352129e+09 | E79: 1842967263 | F79: =E79-D79 -> 4.0775439e+08 | G79: 1837705064 | H79: =G79-E79 -> -5262199 | I79: 1838210150 | J79: =I79-G79 -> 505086 | K79: 1969674829 | L79: =K79-G79 -> 131969765 | M79: ='lamp. sk'!H90 -> 2163323966 | N79: =M79-I79 -> 325113816 | O79: =N79/I79 -> 0.17686434
B80: 64. | C80: Trimulyo | D80: 1.137159e+09 | E80: 1393935323 | F80: =E80-D80 -> 256776289 | G80: 1397043919 | H80: =G80-E80 -> 3108596 | I80: 1398369949 | J80: =I80-G80 -> 1326030 | K80: 1488691370 | L80: =K80-G80 -> 91647451 | M80: ='lamp. sk'!H91 -> 1684216540 | N80: =M80-I80 -> 285846591 | O80: =N80/I80 -> 0.20441414
B81: XIV. | C81: TEMPEL
B82: 65. | C82: Banyurejo | D82: 1.0797952e+09 | E82: 1354551597 | F82: =E82-D82 -> 2.7475643e+08 | G82: 1347504058 | H82: =G82-E82 -> -7047539 | I82: 1347421900 | J82: =I82-G82 -> -82158 | K82: 1426395380 | L82: =K82-G82 -> 78891322 | M82: ='lamp. sk'!H94 -> 1598121261 | N82: =M82-I82 -> 250699361 | O82: =N82/I82 -> 0.18605855
B83: 66. | C83: Tambakrejo | D83: 8.8861562e+08 | E83: 1123984295 | F83: =E83-D83 -> 2.3536867e+08 | G83: 1117966262 | H83: =G83-E83 -> -6018033 | I83: 1116518660 | J83: =I83-G83 -> -1447602 | K83: 1197005666 | L83: =K83-G83 -> 79039404 | M83: ='lamp. sk'!H95 -> 1364939848 | N83: =M83-I83 -> 248421188 | O83: =N83/I83 -> 0.22249623
B84: 67. | C84: Sumberrejo | D84: 8.2805697e+08 | E84: 1054101455 | F84: =E84-D84 -> 2.2604448e+08 | G84: 1050015568 | H84: =G84-E84 -> -4085887 | I84: 1048580229 | J84: =I84-G84 -> -1435339 | K84: 1123634698 | L84: =K84-G84 -> 73619130 | M84: ='lamp. sk'!H96 -> 1294550304 | N84: =M84-I84 -> 245970075 | O84: =N84/I84 -> 0.2345744
B85: 68. | C85: Pondokrejo | D85: 8.615568e+08 | E85: 1067073284 | F85: =E85-D85 -> 2.0551649e+08 | G85: 1058744832 | H85: =G85-E85 -> -8328452 | I85: 1058455118 | J85: =I85-G85 -> -289714 | K85: 1125954874 | L85: =K85-G85 -> 67210042 | M85: ='lamp. sk'!H97 -> 1288355172 | N85: =M85-I85 -> 229900054 | O85: =N85/I85 -> 0.2172034
B86: 69. | C86: Mororejo | D86: 9.4953275e+08 | E86: 1221617375 | F86: =E86-D86 -> 2.7208462e+08 | G86: 1218548279 | H86: =G86-E86 -> -3069096 | I86: 1218388939 | J86: =I86-G86 -> -159340 | K86: 1299974087 | L86: =K86-G86 -> 81425808 | M86: ='lamp. sk'!H98 -> 1477057735 | N86: =M86-I86 -> 258668796 | O86: =N86/I86 -> 0.21230396
B87: 70. | C87: Margorejo | D87: 1.1303409e+09 | E87: 1388764495 | F87: =E87-D87 -> 2.5842364e+08 | G87: 1387804125 | H87: =G87-E87 -> -960370 | I87: 1386392088 | J87: =I87-G87 -> -1412037 | K87: 1476232039 | L87: =K87-G87 -> 88427914 | M87: ='lamp. sk'!H99 -> 1679224572 | N87: =M87-I87 -> 292832484 | O87: =N87/I87 -> 0.2112191
B88: 71. | C88: Lumbungrejo | D88: 8.942626e+08 | E88: 1098866452 | F88: =E88-D88 -> 2.0460385e+08 | G88: 1104550466 | H88: =G88-E88 -> 5684014 | I88: 1104777940 | J88: =I88-G88 -> 227474 | K88: 1176841368 | L88: =K88-G88 -> 72290902 | M88: ='lamp. sk'!H100 -> 1340391770 | N88: =M88-I88 -> 235613830 | O88: =N88/I88 -> 0.21326804
B89: 72. | C89: Merdikorejo | D89: 1.1678494e+09 | E89: 1497236565 | F89: =E89-D89 -> 3.2938715e+08 | G89: 1497054327 | H89: =G89-E89 -> -182238 | I89: 1498554048 | J89: =I89-G89 -> 1499721 | K89: 1593807472 | L89: =K89-G89 -> 96753145 | M89: ='lamp. sk'!H101 -> 1762592593 | N89: =M89-I89 -> 264038545 | O89: =N89/I89 -> 0.17619554
B90: XV. | C90: TURI
B91: 73. | C91: Bangunkerto | D91: 1.1164346e+09 | E91: 1343463870 | F91: =E91-D91 -> 2.2702925e+08 | G91: 1354677916 | H91: =G91-E91 -> 11214046 | I91: 1354367883 | J91: =I91-G91 -> -310033 | K91: 1448467279 | L91: =K91-G91 -> 93789363 | M91: ='lamp. sk'!H103 -> 1620365027 | N91: =M91-I91 -> 265997144 | O91: =N91/I91 -> 0.19639948
B92: 74. | C92: Donokerto | D92: 1.2051791e+09 | E92: 1480482209 | F92: =E92-D92 -> 2.7530311e+08 | G92: 1473914079 | H92: =G92-E92 -> -6568130 | I92: 1472562181 | J92: =I92-G92 -> -1351898 | K92: 1568419170 | L92: =K92-G92 -> 94505091 | M92: ='lamp. sk'!H104 -> 1779480510 | N92: =M92-I92 -> 306918329 | O92: =N92/I92 -> 0.2084247
B93: 75. | C93: Girikerto | D93: 1.2181624e+09 | E93: 1421436462 | F93: =E93-D93 -> 2.0327405e+08 | G93: 1430556740 | H93: =G93-E93 -> 9120278 | I93: 1432025064 | J93: =I93-G93 -> 1468324 | K93: 1516947668 | L93: =K93-G93 -> 86390928 | M93: ='lamp. sk'!H105 -> 1652544772 | N93: =M93-I93 -> 220519708 | O93: =N93/I93 -> 0.15399151
B94: 76. | C94: Wonokerto | D94: 1.3669767e+09 | E94: 1608829678 | F94: =E94-D94 -> 241852940 | G94: 1624063538 | H94: =G94-E94 -> 15233860 | I94: 1623045987 | J94: =I94-G94 -> -1017551 | K94: 1717746991 | L94: =K94-G94 -> 93683453 | M94: ='lamp. sk'!H106 -> 1841489055 | N94: =M94-I94 -> 218443068 | O94: =N94/I94 -> 0.13458834
B95: XVI. | C95: PAKEM
B96: 77. | C96: Purwobinangun | D96: 1.3067807e+09 | E96: 1589390708 | F96: =E96-D96 -> 2.8260997e+08 | G96: 1592234907 | H96: =G96-E96 -> 2844199 | I96: 1597243138 | J96: =I96-G96 -> 5008231 | K96: 1702161883 | L96: =K96-G96 -> 109926976 | M96: ='lamp. sk'!H108 -> 1875988211 | N96: =M96-I96 -> 278745073 | O96: =N96/I96 -> 0.17451637
B97: 78. | C97: Candibinangun | D97: 9.8717883e+08 | E97: 1242267951 | F97: =E97-D97 -> 2.5508912e+08 | G97: 1239689369 | H97: =G97-E97 -> -2578582 | I97: 1238642241 | J97: =I97-G97 -> -1047128 | K97: 1320439855 | L97: =K97-G97 -> 80750486 | M97: ='lamp. sk'!H109 -> 1485394031 | N97: =M97-I97 -> 246751790 | O97: =N97/I97 -> 0.19921151
B98: 79. | C98: Harjobinangun | D98: 9.2910776e+08 | E98: 1132110847 | F98: =E98-D98 -> 2.0300308e+08 | G98: 1135457497 | H98: =G98-E98 -> 3346650 | I98: 1135533254 | J98: =I98-G98 -> 75757 | K98: 1211534583 | L98: =K98-G98 -> 76077086 | M98: ='lamp. sk'!H110 -> 1380494185 | N98: =M98-I98 -> 244960931 | O98: =N98/I98 -> 0.21572326
B99: 80. | C99: Pakembinangun | D99: 8.2213632e+08 | E99: 1010480941 | F99: =E99-D99 -> 1.8834463e+08 | G99: 996839223 | H99: =G99-E99 -> -13641718 | I99: 997336972 | J99: =I99-G99 -> 497749 | K99: 1060881634 | L99: =K99-G99 -> 64042411 | M99: ='lamp. sk'!H111 -> 1246996624 | N99: =M99-I99 -> 249659652 | O99: =N99/I99 -> 0.25032628
B100: 81. | C100: Hargobinangun | D100: 1180106689 | E100: 1369200882 | F100: =E100-D100 -> 189094193 | G100: 1373305853 | H100: =G100-E100 -> 4104971 | I100: 1372830598 | J100: =I100-G100 -> -475255 | K100: 1456872133 | L100: =K100-G100 -> 83566280 | M100: ='lamp. sk'!H112 -> 1632076243 | N100: =M100-I100 -> 259245645 | O100: =N100/I100 -> 0.18884023
B101: XVII. | C101: CANGKRINGAN
...

Sheet tren add kewenangan
B1: ADD KEWENANGAN
D3: 2022 | E3: 2023 | F3: selisih 2023 terhadap 2022 | G3: 2024 | H3: selisih 2024 terhadap 2023 | I3: 2025 murni | J3: selisih 2025 murni terhadap 2024 | K3: 2025 perubahan | L3: selisih 2025 perubahan terhadap 2024 | M3: selisih 2025 perubahan terhadap 2025 murni | N3: 2026 | O3: selisih 2026 terhadap 2025 murni
B4: I. | C4: GAMPING
B5: 1. | C5: Balecatur | D5: 6.6415232e+08 | E5: 820617822 | F5: =E5-D5 -> 1.564655e+08 | G5: 8.5638716e+08 | H5: =G5-E5 -> 35769339 | I5: 852412055 | J5: =I5-G5 -> -3975105.5 | K5: 910976161 | L5: =K5-G5 -> 54589000 | M5: =K5-I5 -> 58564106 | N5: ='lamp. sk'!G13 -> 890919442 | O5: =N5-I5 -> 38507387 | P5: =O5/I5 -> 0.045174616
B6: 2. | C6: Ambarketawang | D6: 6.4992266e+08 | E6: 737665137 | F6: =E6-D6 -> 87742476 | G6: 7.7369135e+08 | H6: =G6-E6 -> 36026212 | I6: 767131353 | J6: =I6-G6 -> -6559996.3 | K6: 818217461 | L6: =K6-G6 -> 44526112 | M6: =K6-I6 -> 51086108 | N6: ='lamp. sk'!G14 -> 823226824 | O6: =N6-I6 -> 56095471 | P6: =O6/I6 -> 0.073123684
B7: 3. | C7: Banyuraden | D7: 4.8951257e+08 | E7: 551943857 | F7: =E7-D7 -> 62431291 | G7: 5.7092754e+08 | H7: =G7-E7 -> 18983686 | I7: 569252290 | J7: =I7-G7 -> -1675252.9 | K7: 613734323 | L7: =K7-G7 -> 42806780 | M7: =K7-I7 -> 44482033 | N7: ='lamp. sk'!G15 -> 652329140 | O7: =N7-I7 -> 83076850 | P7: =O7/I7 -> 0.1459403
B8: 4. | C8: Nogotirto | D8: 4.7684883e+08 | E8: 517731056 | F8: =E8-D8 -> 40882225 | G8: 5.4028194e+08 | H8: =G8-E8 -> 22550882 | I8: 538211700 | J8: =I8-G8 -> -2070237.6 | K8: 582796006 | L8: =K8-G8 -> 42514068 | M8: =K8-I8 -> 44584306 | N8: ='lamp. sk'!G16 -> 641641099 | O8: =N8-I8 -> 103429399 | P8: =O8/I8 -> 0.19217233
B9: 5. | C9: Trihanggo | D9: 5.8083325e+08 | E9: 662967454 | F9: =E9-D9 -> 82134204 | G9: 6.969791e+08 | H9: =G9-E9 -> 34011648 | I9: 686345486 | J9: =I9-G9 -> -10633616 | K9: 727434273 | L9: =K9-G9 -> 30455171 | M9: =K9-I9 -> 41088787 | N9: ='lamp. sk'!G17 -> 750112626 | O9: =N9-I9 -> 63767140 | P9: =O9/I9 -> 0.092908224
B10: II. | C10: GODEAN
B11: 6. | C11: Sidorejo | D11: 3.4727742e+08 | E11: 524954918 | F11: =E11-D11 -> 1.776775e+08 | G11: 5.3840288e+08 | H11: =G11-E11 -> 13447962 | I11: 536319322 | J11: =I11-G11 -> -2083558 | K11: 580977560 | L11: =K11-G11 -> 42574680 | M11: =K11-I11 -> 44658238 | N11: ='lamp. sk'!G19 -> 587711810 | O11: =N11-I11 -> 51392488 | P11: =O11/I11 -> 0.09582442
B12: 7. | C12: Sidoluhur | D12: 3.8234285e+08 | E12: 569816230 | F12: =E12-D12 -> 1.8747338e+08 | G12: 5.9090094e+08 | H12: =G12-E12 -> 21084705 | I12: 588894473 | J12: =I12-G12 -> -2006462.4 | K12: 634166056 | L12: =K12-G12 -> 43265121 | M12: =K12-I12 -> 45271583 | N12: ='lamp. sk'!G20 -> 677931989 | O12: =N12-I12 -> 89037516 | P12: =O12/I12 -> 0.15119435
B13: 8. | C13: Sidomulyo | D13: 2.832886e+08 | E13: 370651220 | F13: =E13-D13 -> 87362624 | G13: 3.8206279e+08 | H13: =G13-E13 -> 11411569 | I13: 377192820 | J13: =I13-G13 -> -4869968.7 | K13: 415454707 | L13: =K13-G13 -> 33391918 | M13: =K13-I13 -> 38261887 | N13: ='lamp. sk'!G21 -> 454637003 | O13: =N13-I13 -> 77444183 | P13: =O13/I13 -> 0.20531722
B14: 9. | C14: Sidoagung | D14: 3.1708468e+08 | E14: 418698967 | F14: =E14-D14 -> 1.0161428e+08 | G14: 4.3698693e+08 | H14: =G14-E14 -> 18287962 | I14: 434838082 | J14: =I14-G14 -> -2148846.7 | K14: 476617115 | L14: =K14-G14 -> 39630186 | M14: =K14-I14 -> 41779033 | N14: ='lamp. sk'!G22 -> 553280244 | O14: =N14-I14 -> 118442162 | P14: =O14/I14 -> 0.27238222
B15: 10. | C15: Sidokarto | D15: 4.181098e+08 | E15: 559427066 | F15: =E15-D15 -> 1.4131727e+08 | G15: 5.9804861e+08 | H15: =G15-E15 -> 38621544 | I15: 592335647 | J15: =I15-G15 -> -5712962.8 | K15: 644495554 | L15: =K15-G15 -> 46446944 | M15: =K15-I15 -> 52159907 | N15: ='lamp. sk'!G23 -> 673341159 | O15: =N15-I15 -> 81005512 | P15: =O15/I15 -> 0.1367561
B16: 11. | C16: Sidoarum | D16: 4.9558096e+08 | E16: 553746943 | F16: =E16-D16 -> 58165983 | G16: 5.8798411e+08 | H16: =G16-E16 -> 34237165 | I16: 584194557 | J16: =I16-G16 -> -3789551.4 | K16: 634677219 | L16: =K16-G16 -> 46693111 | M16: =K16-I16 -> 50482662 | N16: ='lamp. sk'!G24 -> 673317611 | O16: =N16-I16 -> 89123054 | P16: =O16/I16 -> 0.15255715
B17: 12. | C17: Sidomoyo | D17: 3.3115724e+08 | E17: 457301126 | F17: =E17-D17 -> 1.2614389e+08 | G17: 4.7361988e+08 | H17: =G17-E17 -> 16318751 | I17: 470136077 | J17: =I17-G17 -> -3483800.2 | K17: 508983971 | L17: =K17-G17 -> 35364094 | M17: =K17-I17 -> 38847894 | N17: ='lamp. sk'!G25 -> 535025642 | O17: =N17-I17 -> 64889565 | P17: =O17/I17 -> 0.13802294
B18: III. | C18: MOYUDAN
B19: 13. | C19: Sumberrahayu | D19: 3.5917725e+08 | E19: 539659071 | F19: =E19-D19 -> 1.8048182e+08 | G19: 5.6082703e+08 | H19: =G19-E19 -> 21167964 | I19: 556507176 | J19: =I19-G19 -> -4319858.5 | K19: 598826898 | L19: =K19-G19 -> 37999863 | M19: =K19-I19 -> 42319722 | N19: ='lamp. sk'!G28 -> 601002847 | O19: =N19-I19 -> 44495671 | P19: =O19/I19 -> 0.079955251
B20: 14. | C20: Sumbersari | D20: 3.8406856e+08 | E20: 532874369 | F20: =E20-D20 -> 1.4880581e+08 | G20: 5.5228795e+08 | H20: =G20-E20 -> 19413582 | I20: 543740023 | J20: =I20-G20 -> -8547927.9 | K20: 592596549 | L20: =K20-G20 -> 40308598 | M20: =K20-I20 -> 48856526 | N20: ='lamp. sk'!G29 -> 636120813 | O20: =N20-I20 -> 92380790 | P20: =O20/I20 -> 0.16989882
B21: 15. | C21: Sumberagung | D21: 4.8381076e+08 | E21: 729656411 | F21: =E21-D21 -> 2.4584565e+08 | G21: 7.6790051e+08 | H21: =G21-E21 -> 38244097 | I21: 760636022 | J21: =I21-G21 -> -7264486.2 | K21: 815511039 | L21: =K21-G21 -> 47610531 | M21: =K21-I21 -> 54875017 | N21: ='lamp. sk'!G30 -> 813640508 | O21: =N21-I21 -> 53004486 | P21: =O21/I21 -> 0.069684428
B22: 16. | C22: Sumberarum | D22: 4.0968366e+08 | E22: 587739215 | F22: =E22-D22 -> 1.7805556e+08 | G22: 6.1387373e+08 | H22: =G22-E22 -> 26134515 | I22: 608412879 | J22: =I22-G22 -> -5460851.3 | K22: 653869037 | L22: =K22-G22 -> 39995307 | M22: =K22-I22 -> 45456158 | N22: ='lamp. sk'!G31 -> 645713013 | O22: =N22-I22 -> 37300134 | P22: =O22/I22 -> 0.061307272
B23: IV. | C23: MINGGIR
B24: 17. | C24: Sendangarum | D24: 2.1343087e+08 | E24: 300624179 | F24: =E24-D24 -> 87193312 | G24: 3.0733096e+08 | H24: =G24-E24 -> 6706782.2 | I24: 306512924 | J24: =I24-G24 -> -818037.24 | K24: 332333716 | L24: =K24-G24 -> 25002755 | M24: =K24-I24 -> 25820792 | N24: ='lamp. sk'!G33 -> 362525306 | O24: =N24-I24 -> 56012382 | P24: =O24/I24 -> 0.18274069
B25: 18. | C25: Sendangmulyo | D25: 3.9610353e+08 | E25: 584593516 | F25: =E25-D25 -> 1.8848999e+08 | G25: 6.0266972e+08 | H25: =G25-E25 -> 18076201 | I25: 598833272 | J25: =I25-G25 -> -3836445 | K25: 637604362 | L25: =K25-G25 -> 34934645 | M25: =K25-I25 -> 38771090 | N25: 635019230 | O25: =N25-I25 -> 36185958 | P25: =O25/I25 -> 0.060427434
B26: 19. | C26: Sendangagung | D26: 4.1698484e+08 | E26: 600217435 | F26: =E26-D26 -> 1.8323259e+08 | G26: 6.2173458e+08 | H26: =G26-E26 -> 21517146 | I26: 617993920 | J26: =I26-G26 -> -3740660.6 | K26: 660685203 | L26: =K26-G26 -> 38950622 | M26: =K26-I26 -> 42691283 | N26: 660017567 | O26: =N26-I26 -> 42023647 | P26: =O26/I26 -> 0.068000098
B27: 20. | C27: Sendangsari | D27: 3.0190257e+08 | E27: 449946263 | F27: =E27-D27 -> 1.4804369e+08 | G27: 4.6208129e+08 | H27: =G27-E27 -> 12135030 | I27: 458083227 | J27: =I27-G27 -> -3998066.4 | K27: 493296637 | L27: =K27-G27 -> 31215344 | M27: =K27-I27 -> 35213410 | N27: 527849424 | O27: =N27-I27 -> 69766197 | P27: =O27/I27 -> 0.15230027
B28: 21. | C28: Sendangrejo | D28: 4.1563501e+08 | E28: 615585370 | F28: =E28-D28 -> 1.9995036e+08 | G28: 6.2937987e+08 | H28: =G28-E28 -> 13794500 | I28: 623097074 | J28: =I28-G28 -> -6282796.3 | K28: 672443487 | L28: =K28-G28 -> 43063617 | M28: =K28-I28 -> 49346413 | N28: 699476703 | O28: =N28-I28 -> 76379629 | P28: =O28/I28 -> 0.12258063
B29: V. | C29: SEYEGAN
B30: 22. | C30: Margoluwih | D30: 4.6260645e+08 | E30: 648089774 | F30: =E30-D30 -> 1.8548332e+08 | G30: 6.7181234e+08 | H30: =G30-E30 -> 23722569 | I30: 668406672 | J30: =I30-G30 -> -3405670.9 | K30: 718224379 | L30: =K30-G30 -> 46412036 | M30: =K30-I30 -> 49817707 | N30: ='lamp. sk'!G39 -> 735990555 | O30: =N30-I30 -> 67583883 | P30: =O30/I30 -> 0.10111192
B31: 23. | C31: Margodadi | D31: 4.2990567e+08 | E31: 618618403 | F31: =E31-D31 -> 1.8871274e+08 | G31: 6.445759e+08 | H31: =G31-E31 -> 25957496 | I31: 639482302 | J31: =I31-G31 -> -5093597.1 | K31: 689487346 | L31: =K31-G31 -> 44911447 | M31: =K31-I31 -> 50005044 | N31: 713219924 | O31: =N31-I31 -> 73737622 | P31: =O31/I31 -> 0.11530831
B32: 24. | C32: Margokaton | D32: 3.7552181e+08 | E32: 513750656 | F32: =E32-D32 -> 1.3822885e+08 | G32: 5.3512558e+08 | H32: =G32-E32 -> 21374922 | I32: 530490879 | J32: =I32-G32 -> -4634698.7 | K32: 570714834 | L32: =K32-G32 -> 35589256 | M32: =K32-I32 -> 40223955 | N32: 585974894 | O32: =N32-I32 -> 55484015 | P32: =O32/I32 -> 0.10458995
B33: 25. | C33: Margomulyo | D33: 5.2155668e+08 | E33: 658716552 | F33: =E33-D33 -> 1.3715988e+08 | G33: 6.9336832e+08 | H33: =G33-E33 -> 34651765 | I33: 688339038 | J33: =I33-G33 -> -5029279.4 | K33: 740307959 | L33: =K33-G33 -> 46939642 | M33: =K33-I33 -> 51968921 | N33: 753484257 | O33: =N33-I33 -> 65145219 | P33: =O33/I33 -> 0.09464118
B34: 26. | C34: Margoagung | D34: 4.5955371e+08 | E34: 606958396 | F34: =E34-D34 -> 147404686 | G34: 6.4085096e+08 | H34: =G34-E34 -> 33892566 | I34: 635174829 | J34: =I34-G34 -> -5676133.3 | K34: 683656727 | L34: =K34-G34 -> 42805765 | M34: =K34-I34 -> 48481898 | N34: 709775083 | O34: =N34-I34 -> 74600254 | P34: =O34/I34 -> 0.11744838
B35: VI. | C35: MLATI
B36: 27. | C36: Sinduadi | D36: 8.5943476e+08 | E36: 1016259946 | F36: =E36-D36 -> 1.5682519e+08 | G36: 1.0558281e+09 | H36: =G36-E36 -> 39568155 | I36: 1052233343 | J36: =I36-G36 -> -3594758.1 | K36: 1108029595 | L36: =K36-G36 -> 52201494 | M36: =K36-I36 -> 55796252 | N36: ='lamp. sk'!G45 -> 1046577985 | O36: =N36-I36 -> -5655358 | P36: =O36/I36 -> -0.0053746235
B37: 28. | C37: Sendangadi | D37: 5.3090639e+08 | E37: 669114723 | F37: =E37-D37 -> 1.3820833e+08 | G37: 7.0024555e+08 | H37: =G37-E37 -> 31130824 | I37: 695706231 | J37: =I37-G37 -> -4539316.1 | K37: 742571289 | L37: =K37-G37 -> 42325742 | M37: =K37-I37 -> 46865058 | N37: ='lamp. sk'!G46 -> 765253089 | O37: =N37-I37 -> 69546858 | P37: =O37/I37 -> 0.09996584
B38: 29. | C38: Tlogoadi | D38: 4.7474389e+08 | E38: 598461795 | F38: =E38-D38 -> 1.237179e+08 | G38: 6.2629167e+08 | H38: =G38-E38 -> 27829877 | I38: 622134332 | J38: =I38-G38 -> -4157340.2 | K38: 671442046 | L38: =K38-G38 -> 45150374 | M38: =K38-I38 -> 49307714 | N38: ='lamp. sk'!G47 -> 697182231 | O38: =N38-I38 -> 75047899 | P38: =O38/I38 -> 0.12062973
B39: 30. | C39: Tirtoadi | D39: 4.6956482e+08 | E39: 601796496 | F39: =E39-D39 -> 1.3223168e+08 | G39: 6.3505953e+08 | H39: =G39-E39 -> 33263038 | I39: 634077869 | J39: =I39-G39 -> -981665.24 | K39: 686565673 | L39: =K39-G39 -> 51506139 | M39: =K39-I39 -> 52487804 | N39: ='lamp. sk'!G48 -> 709344174 | O39: =N39-I39 -> 75266305 | P39: =O39/I39 -> 0.11870199
B40: 31. | C40: Sumberadi | D40: 5.8883213e+08 | E40: 689098290 | F40: =E40-D40 -> 1.0026616e+08 | G40: 7.3526486e+08 | H40: =G40-E40 -> 46166570 | I40: 735010014 | J40: =I40-G40 -> -254845.94 | K40: 786154952 | L40: =K40-G40 -> 50890092 | M40: =K40-I40 -> 51144938 | N40: ='lamp. sk'!G50 -> 799354502 | O40: =N40-I40 -> 64344488 | P40: =O40/I40 -> 0.087542328
B41: VII. | C41: DEPOK
B42: 32. | C42: Caturtunggal | D42: 1.0463831e+09 | E42: 1058325386 | F42: =E42-D42 -> 11942326 | G42: 1.0989379e+09 | H42: =G42-E42 -> 40612474 | I42: 1089117816 | J42: =I42-G42 -> -9820044.1 | K42: 1146396656 | L42: =K42-G42 -> 47458796 | M42: =K42-I42 -> 57278840 | N42: ='lamp. sk'!G52 -> 1081035298 | O42: =N42-I42 -> -8082518 | P42: =O42/I42 -> -0.0074211604
B43: 33. | C43: Maguwoharjo | D43: 1.0321107e+09 | E43: 1116149359 | F43: =E43-D43 -> 84038707 | G43: 1.1715912e+09 | H43: =G43-E43 -> 55441815 | I43: 1167466057 | J43: =I43-G43 -> -4125117.3 | K43: 1227894277 | L43: =K43-G43 -> 56303103 | M43: =K43-I43 -> 60428220 | N43: ='lamp. sk'!G53 -> 1142959198 | O43: =N43-I43 -> -24506859 | P43: =O43/I43 -> -0.020991496
B44: 34. | C44: Condongcatur | D44: 1.0083167e+09 | E44: 1021925368 | F44: =E44-D44 -> 13608642 | G44: 1.0641697e+09 | H44: =G44-E44 -> 42244331 | I44: 1071299445 | J44: =I44-G44 -> 7129746.2 | K44: 1127862090 | L44: =K44-G44 -> 63692391 | M44: =K44-I44 -> 56562645 | N44: ='lamp. sk'!G54 -> 1052149831 | O44: =N44-I44 -> -19149614 | P44: =O44/I44 -> -0.017875127
B45: VIII. | C45: BERBAH
B46: 35. | C46: Sendangtirto | D46: 5.3197709e+08 | E46: 726753246 | F46: =E46-D46 -> 1.9477615e+08 | G46: 7.6021614e+08 | H46: =G46-E46 -> 33462889 | I46: 755903016 | J46: =I46-G46 -> -4313119.1 | K46: 805187782 | L46: =K46-G46 -> 44971647 | M46: =K46-I46 -> 49284766 | N46: ='lamp. sk'!G56 -> 811731637 | O46: =N46-I46 -> 55828621 | P46: =O46/I46 -> 0.073856857
B47: 36. | C47: Tegaltirto | D47: 4.4924095e+08 | E47: 597365464 | F47: =E47-D47 -> 1.4812452e+08 | G47: 6.209137e+08 | H47: =G47-E47 -> 23548241 | I47: 614770362 | J47: =I47-G47 -> -6143342.6 | K47: 658382069 | L47: =K47-G47 -> 37468364 | M47: =K47-I47 -> 43611707 | N47: ='lamp. sk'!G57 -> 703905747 | O47: =N47-I47 -> 89135385 | P47: =O47/I47 -> 0.14498972
B48: 37. | C48: Kalitirto | D48: 5.1266387e+08 | E48: 669515396 | F48: =E48-D48 -> 1.5685152e+08 | G48: 7.0088097e+08 | H48: =G48-E48 -> 31365578 | I48: 691270877 | J48: =I48-G48 -> -9610096.8 | K48: 746057648 | L48: =K48-G48 -> 45176674 | M48: =K48-I48 -> 54786771 | N48: ='lamp. sk'!G58 -> 756623959 | O48: =N48-I48 -> 65353082 | P48: =O48/I48 -> 0.094540482
B49: 38. | C49: Jogotirto | D49: 4.5881411e+08 | E49: 536671587 | F49: =E49-D49 -> 77857481 | G49: 5.550678e+08 | H49: =G49-E49 -> 18396208 | I49: 549114682 | J49: =I49-G49 -> -5953113.3 | K49: 594137251 | L49: =K49-G49 -> 39069456 | M49: =K49-I49 -> 45022569 | N49: ='lamp. sk'!G59 -> 640242064 | O49: =N49-I49 -> 91127382 | P49: =O49/I49 -> 0.16595328
B50: IX. | C50: PRAMBANAN
B51: 39. | C51: Sumberharjo | D51: 6.327837e+08 | E51: 807669509 | F51: =E51-D51 -> 1.7488581e+08 | G51: 8.5515161e+08 | H51: =G51-E51 -> 47482100 | I51: 850755967 | J51: =I51-G51 -> -4395642.1 | K51: 909253504 | L51: =K51-G51 -> 54101895 | M51: =K51-I51 -> 58497537 | N51: ='lamp. sk'!G61 -> 873077025 | O51: =N51-I51 -> 22321058 | P51: =O51/I51 -> 0.026236734
B52: 40. | C52: Wukirharjo | D52: 2.7929811e+08 | E52: 366477884 | F52: =E52-D52 -> 87179770 | G52: 3.8158051e+08 | H52: =G52-E52 -> 15102630 | I52: 383450829 | J52: =I52-G52 -> 1870315.2 | K52: 415364267 | L52: =K52-G52 -> 33783753 | M52: =K52-I52 -> 31913438 | N52: ='lamp. sk'!G62 -> 420402188 | O52: =N52-I52 -> 36951359 | P52: =O52/I52 -> 0.096365313
B53: 41. | C53: Gayamharjo | D53: 3.4861204e+08 | E53: 430454598 | F53: =E53-D53 -> 81842563 | G53: 4.5095661e+08 | H53: =G53-E53 -> 20502012 | I53: 446596875 | J53: =I53-G53 -> -4359734.7 | K53: 487648572 | L53: =K53-G53 -> 36691962 | M53: =K53-I53 -> 41051697 | N53: ='lamp. sk'!G63 -> 500221575 | O53: =N53-I53 -> 53624700 | P53: =O53/I53 -> 0.12007406
B54: 42. | C54: Sambirejo | D54: 4.2058535e+08 | E54: 517931786 | F54: =E54-D54 -> 97346434 | G54: 5.3443491e+08 | H54: =G54-E54 -> 16503128 | I54: 533426969 | J54: =I54-G54 -> -1007944.8 | K54: 571668945 | L54: =K54-G54 -> 37234031 | M54: =K54-I54 -> 38241976 | N54: ='lamp. sk'!G64 -> 566198459 | O54: =N54-I54 -> 32771490 | P54: =O54/I54 -> 0.061435758
B55: 43. | C55: Madurejo | D55: 5.4075045e+08 | E55: 706686685 | F55: =E55-D55 -> 165936236 | G55: 7.4158455e+08 | H55: =G55-E55 -> 34897868 | I55: 736860310 | J55: =I55-G55 -> -4724242.8 | K55: 790779624 | L55: =K55-G55 -> 49195071 | M55: =K55-I55 -> 53919314 | N55: ='lamp. sk'!G65 -> 798696978 | O55: =N55-I55 -> 61836668 | P55: =O55/I55 -> 0.083919119
B56: 44. | C56: Bokoharjo | D56: 4.2414604e+08 | E56: 544401820 | F56: =E56-D56 -> 1.2025578e+08 | G56: 5.6391684e+08 | H56: =G56-E56 -> 19515019 | I56: 558676714 | J56: =I56-G56 -> -5240125.3 | K56: 605433645 | L56: =K56-G56 -> 41516806 | M56: =K56-I56 -> 46756931 | N56: ='lamp. sk'!G66 -> 651865796 | O56: =N56-I56 -> 93189082 | P56: =O56/I56 -> 0.16680323
B57: X. | C57: KALASAN
B58: 45. | C58: Purwomartani | D58: 1.0055117e+09 | E58: 1118327210 | F58: =E58-D58 -> 1.1281549e+08 | G58: 1.1733272e+09 | H58: =G58-E58 -> 54999950 | I58: 1169061911 | J58: =I58-G58 -> -4265248.9 | K58: 1233604279 | L58: =K58-G58 -> 60277119 | M58: =K58-I58 -> 64542368 | N58: ='lamp. sk'!G68 -> 1146432385 | O58: =N58-I58 -> -22629526 | P58: =O58/I58 -> -0.019356995
B59: 46. | C59: Tirtomartani | D59: 5.9237371e+08 | E59: 739557832 | F59: =E59-D59 -> 147184123 | G59: 7.7523391e+08 | H59: =G59-E59 -> 35676075 | I59: 771622129 | J59: =I59-G59 -> -3611778.3 | K59: 824238751 | L59: =K59-G59 -> 49004844 | M59: =K59-I59 -> 52616622 | N59: ='lamp. sk'!G69 -> 826865574 | O59: =N59-I59 -> 55243445 | P59: =O59/I59 -> 0.07159391
B60: 47. | C60: Tamanmartani | D60: 5.8924382e+08 | E60: 840052733 | F60: =E60-D60 -> 2.5080891e+08 | G60: 8.7701531e+08 | H60: =G60-E60 -> 36962573 | I60: 873442229 | J60: =I60-G60 -> -3573077.3 | K60: 932851678 | L60: =K60-G60 -> 55836372 | M60: =K60-I60 -> 59409449 | N60: ='lamp. sk'!G70 -> 911814320 | O60: =N60-I60 -> 38372091 | P60: =O60/I60 -> 0.043932031
B61: 48. | C61: Selomartani | D61: 5.8080494e+08 | E61: 784952567 | F61: =E61-D61 -> 2.0414763e+08 | G61: 8.217635e+08 | H61: =G61-E61 -> 36810932 | I61: 821184874 | J61: =I61-G61 -> -578624.91 | K61: 870393752 | L61: =K61-G61 -> 48630253 | M61: =K61-I61 -> 49208878 | N61: ='lamp. sk'!G72 -> 859577241 | O61: =N61-I61 -> 38392367 | P61: =O61/I61 -> 0.046752404
B62: XI. | C62: NGEMPLAK
B63: 49. | C63: Sindumartani | D63: 3.5058931e+08 | E63: 481219155 | F63: =E63-D63 -> 1.3062985e+08 | G63: 5.0216858e+08 | H63: =G63-E63 -> 20949420 | I63: 498381814 | J63: =I63-G63 -> -3786761 | K63: 535215092 | L63: =K63-G63 -> 33046517 | M63: =K63-I63 -> 36833278 | N63: ='lamp. sk'!G74 -> 561137074 | O63: =N63-I63 -> 62755260 | P63: =O63/I63 -> 0.12591804
